Date,Year,Quarter,Month,MonthName,Week,DayOfWeek,DayName,IsWeekend,YearMonth,YearQuarter,DateKey
2020-01-22,2020,1,1,January,4,3,Wednesday,0,2020-01,2020-Q1,20200122
2020-01-23,2020,1,1,January,4,4,Thursday,0,2020-01,2020-Q1,20200123
2020-01-24,2020,1,1,January,4,5,Friday,0,2020-01,2020-Q1,20200124
2020-01-25,2020,1,1,January,4,6,Saturday,1,2020-01,2020-Q1,20200125
2020-01-26,2020,1,1,January,4,7,Sunday,1,2020-01,2020-Q1,20200126
2020-01-27,2020,1,1,January,5,1,Monday,0,2020-01,2020-Q1,20200127
2020-01-28,2020,1,1,January,5,2,Tuesday,0,2020-01,2020-Q1,20200128
2020-01-29,2020,1,1,January,5,3,Wednesday,0,2020-01,2020-Q1,20200129
2020-01-30,2020,1,1,January,5,4,Thursday,0,2020-01,2020-Q1,20200130
2020-01-31,2020,1,1,January,5,5,Friday,0,2020-01,2020-Q1,20200131
2020-02-01,2020,1,2,February,5,6,Saturday,1,2020-02,2020-Q1,20200201
2020-02-02,2020,1,2,February,5,7,Sunday,1,2020-02,2020-Q1,20200202
2020-02-03,2020,1,2,February,6,1,Monday,0,2020-02,2020-Q1,20200203
2020-02-04,2020,1,2,February,6,2,Tuesday,0,2020-02,2020-Q1,20200204
2020-02-05,2020,1,2,February,6,3,Wednesday,0,2020-02,2020-Q1,20200205
2020-02-06,2020,1,2,February,6,4,Thursday,0,2020-02,2020-Q1,20200206
2020-02-07,2020,1,2,February,6,5,Friday,0,2020-02,2020-Q1,20200207
2020-02-08,2020,1,2,February,6,6,Saturday,1,2020-02,2020-Q1,20200208
2020-02-09,2020,1,2,February,6,7,Sunday,1,2020-02,2020-Q1,20200209
2020-02-10,2020,1,2,February,7,1,Monday,0,2020-02,2020-Q1,20200210
2020-02-11,2020,1,2,February,7,2,Tuesday,0,2020-02,2020-Q1,20200211
2020-02-12,2020,1,2,February,7,3,Wednesday,0,2020-02,2020-Q1,20200212
2020-02-13,2020,1,2,February,7,4,Thursday,0,2020-02,2020-Q1,20200213
2020-02-14,2020,1,2,February,7,5,Friday,0,2020-02,2020-Q1,20200214
2020-02-15,2020,1,2,February,7,6,Saturday,1,2020-02,2020-Q1,20200215
2020-02-16,2020,1,2,February,7,7,Sunday,1,2020-02,2020-Q1,20200216
2020-02-17,2020,1,2,February,8,1,Monday,0,2020-02,2020-Q1,20200217
2020-02-18,2020,1,2,February,8,2,Tuesday,0,2020-02,2020-Q1,20200218
2020-02-19,2020,1,2,February,8,3,Wednesday,0,2020-02,2020-Q1,20200219
2020-02-20,2020,1,2,February,8,4,Thursday,0,2020-02,2020-Q1,20200220
2020-02-21,2020,1,2,February,8,5,Friday,0,2020-02,2020-Q1,20200221
2020-02-22,2020,1,2,February,8,6,Saturday,1,2020-02,2020-Q1,20200222
2020-02-23,2020,1,2,February,8,7,Sunday,1,2020-02,2020-Q1,20200223
2020-02-24,2020,1,2,February,9,1,Monday,0,2020-02,2020-Q1,20200224
2020-02-25,2020,1,2,February,9,2,Tuesday,0,2020-02,2020-Q1,20200225
2020-02-26,2020,1,2,February,9,3,Wednesday,0,2020-02,2020-Q1,20200226
2020-02-27,2020,1,2,February,9,4,Thursday,0,2020-02,2020-Q1,20200227
2020-02-28,2020,1,2,February,9,5,Friday,0,2020-02,2020-Q1,20200228
2020-02-29,2020,1,2,February,9,6,Saturday,1,2020-02,2020-Q1,20200229
2020-03-01,2020,1,3,March,9,7,Sunday,1,2020-03,2020-Q1,20200301
2020-03-02,2020,1,3,March,10,1,Monday,0,2020-03,2020-Q1,20200302
2020-03-03,2020,1,3,March,10,2,Tuesday,0,2020-03,2020-Q1,20200303
2020-03-04,2020,1,3,March,10,3,Wednesday,0,2020-03,2020-Q1,20200304
2020-03-05,2020,1,3,March,10,4,Thursday,0,2020-03,2020-Q1,20200305
2020-03-06,2020,1,3,March,10,5,Friday,0,2020-03,2020-Q1,20200306
2020-03-07,2020,1,3,March,10,6,Saturday,1,2020-03,2020-Q1,20200307
2020-03-08,2020,1,3,March,10,7,Sunday,1,2020-03,2020-Q1,20200308
2020-03-09,2020,1,3,March,11,1,Monday,0,2020-03,2020-Q1,20200309
2020-03-10,2020,1,3,March,11,2,Tuesday,0,2020-03,2020-Q1,20200310
2020-03-11,2020,1,3,March,11,3,Wednesday,0,2020-03,2020-Q1,20200311
2020-03-12,2020,1,3,March,11,4,Thursday,0,2020-03,2020-Q1,20200312
2020-03-13,2020,1,3,March,11,5,Friday,0,2020-03,2020-Q1,20200313
2020-03-14,2020,1,3,March,11,6,Saturday,1,2020-03,2020-Q1,20200314
2020-03-15,2020,1,3,March,11,7,Sunday,1,2020-03,2020-Q1,20200315
2020-03-16,2020,1,3,March,12,1,Monday,0,2020-03,2020-Q1,20200316
2020-03-17,2020,1,3,March,12,2,Tuesday,0,2020-03,2020-Q1,20200317
2020-03-18,2020,1,3,March,12,3,Wednesday,0,2020-03,2020-Q1,20200318
2020-03-19,2020,1,3,March,12,4,Thursday,0,2020-03,2020-Q1,20200319
2020-03-20,2020,1,3,March,12,5,Friday,0,2020-03,2020-Q1,20200320
2020-03-21,2020,1,3,March,12,6,Saturday,1,2020-03,2020-Q1,20200321
2020-03-22,2020,1,3,March,12,7,Sunday,1,2020-03,2020-Q1,20200322
2020-03-23,2020,1,3,March,13,1,Monday,0,2020-03,2020-Q1,20200323
2020-03-24,2020,1,3,March,13,2,Tuesday,0,2020-03,2020-Q1,20200324
2020-03-25,2020,1,3,March,13,3,Wednesday,0,2020-03,2020-Q1,20200325
2020-03-26,2020,1,3,March,13,4,Thursday,0,2020-03,2020-Q1,20200326
2020-03-27,2020,1,3,March,13,5,Friday,0,2020-03,2020-Q1,20200327
2020-03-28,2020,1,3,March,13,6,Saturday,1,2020-03,2020-Q1,20200328
2020-03-29,2020,1,3,March,13,7,Sunday,1,2020-03,2020-Q1,20200329
2020-03-30,2020,1,3,March,14,1,Monday,0,2020-03,2020-Q1,20200330
2020-03-31,2020,1,3,March,14,2,Tuesday,0,2020-03,2020-Q1,20200331
2020-04-01,2020,2,4,April,14,3,Wednesday,0,2020-04,2020-Q2,20200401
2020-04-02,2020,2,4,April,14,4,Thursday,0,2020-04,2020-Q2,20200402
2020-04-03,2020,2,4,April,14,5,Friday,0,2020-04,2020-Q2,20200403
2020-04-04,2020,2,4,April,14,6,Saturday,1,2020-04,2020-Q2,20200404
2020-04-05,2020,2,4,April,14,7,Sunday,1,2020-04,2020-Q2,20200405
2020-04-06,2020,2,4,April,15,1,Monday,0,2020-04,2020-Q2,20200406
2020-04-07,2020,2,4,April,15,2,Tuesday,0,2020-04,2020-Q2,20200407
2020-04-08,2020,2,4,April,15,3,Wednesday,0,2020-04,2020-Q2,20200408
2020-04-09,2020,2,4,April,15,4,Thursday,0,2020-04,2020-Q2,20200409
2020-04-10,2020,2,4,April,15,5,Friday,0,2020-04,2020-Q2,20200410
2020-04-11,2020,2,4,April,15,6,Saturday,1,2020-04,2020-Q2,20200411
2020-04-12,2020,2,4,April,15,7,Sunday,1,2020-04,2020-Q2,20200412
2020-04-13,2020,2,4,April,16,1,Monday,0,2020-04,2020-Q2,20200413
2020-04-14,2020,2,4,April,16,2,Tuesday,0,2020-04,2020-Q2,20200414
2020-04-15,2020,2,4,April,16,3,Wednesday,0,2020-04,2020-Q2,20200415
2020-04-16,2020,2,4,April,16,4,Thursday,0,2020-04,2020-Q2,20200416
2020-04-17,2020,2,4,April,16,5,Friday,0,2020-04,2020-Q2,20200417
2020-04-18,2020,2,4,April,16,6,Saturday,1,2020-04,2020-Q2,20200418
2020-04-19,2020,2,4,April,16,7,Sunday,1,2020-04,2020-Q2,20200419
2020-04-20,2020,2,4,April,17,1,Monday,0,2020-04,2020-Q2,20200420
2020-04-21,2020,2,4,April,17,2,Tuesday,0,2020-04,2020-Q2,20200421
2020-04-22,2020,2,4,April,17,3,Wednesday,0,2020-04,2020-Q2,20200422
2020-04-23,2020,2,4,April,17,4,Thursday,0,2020-04,2020-Q2,20200423
2020-04-24,2020,2,4,April,17,5,Friday,0,2020-04,2020-Q2,20200424
2020-04-25,2020,2,4,April,17,6,Saturday,1,2020-04,2020-Q2,20200425
2020-04-26,2020,2,4,April,17,7,Sunday,1,2020-04,2020-Q2,20200426
2020-04-27,2020,2,4,April,18,1,Monday,0,2020-04,2020-Q2,20200427
2020-04-28,2020,2,4,April,18,2,Tuesday,0,2020-04,2020-Q2,20200428
2020-04-29,2020,2,4,April,18,3,Wednesday,0,2020-04,2020-Q2,20200429
2020-04-30,2020,2,4,April,18,4,Thursday,0,2020-04,2020-Q2,20200430
2020-05-01,2020,2,5,May,18,5,Friday,0,2020-05,2020-Q2,20200501
2020-05-02,2020,2,5,May,18,6,Saturday,1,2020-05,2020-Q2,20200502
2020-05-03,2020,2,5,May,18,7,Sunday,1,2020-05,2020-Q2,20200503
2020-05-04,2020,2,5,May,19,1,Monday,0,2020-05,2020-Q2,20200504
2020-05-05,2020,2,5,May,19,2,Tuesday,0,2020-05,2020-Q2,20200505
2020-05-06,2020,2,5,May,19,3,Wednesday,0,2020-05,2020-Q2,20200506
2020-05-07,2020,2,5,May,19,4,Thursday,0,2020-05,2020-Q2,20200507
2020-05-08,2020,2,5,May,19,5,Friday,0,2020-05,2020-Q2,20200508
2020-05-09,2020,2,5,May,19,6,Saturday,1,2020-05,2020-Q2,20200509
2020-05-10,2020,2,5,May,19,7,Sunday,1,2020-05,2020-Q2,20200510
2020-05-11,2020,2,5,May,20,1,Monday,0,2020-05,2020-Q2,20200511
2020-05-12,2020,2,5,May,20,2,Tuesday,0,2020-05,2020-Q2,20200512
2020-05-13,2020,2,5,May,20,3,Wednesday,0,2020-05,2020-Q2,20200513
2020-05-14,2020,2,5,May,20,4,Thursday,0,2020-05,2020-Q2,20200514
2020-05-15,2020,2,5,May,20,5,Friday,0,2020-05,2020-Q2,20200515
2020-05-16,2020,2,5,May,20,6,Saturday,1,2020-05,2020-Q2,20200516
2020-05-17,2020,2,5,May,20,7,Sunday,1,2020-05,2020-Q2,20200517
2020-05-18,2020,2,5,May,21,1,Monday,0,2020-05,2020-Q2,20200518
2020-05-19,2020,2,5,May,21,2,Tuesday,0,2020-05,2020-Q2,20200519
2020-05-20,2020,2,5,May,21,3,Wednesday,0,2020-05,2020-Q2,20200520
2020-05-21,2020,2,5,May,21,4,Thursday,0,2020-05,2020-Q2,20200521
2020-05-22,2020,2,5,May,21,5,Friday,0,2020-05,2020-Q2,20200522
2020-05-23,2020,2,5,May,21,6,Saturday,1,2020-05,2020-Q2,20200523
2020-05-24,2020,2,5,May,21,7,Sunday,1,2020-05,2020-Q2,20200524
2020-05-25,2020,2,5,May,22,1,Monday,0,2020-05,2020-Q2,20200525
2020-05-26,2020,2,5,May,22,2,Tuesday,0,2020-05,2020-Q2,20200526
2020-05-27,2020,2,5,May,22,3,Wednesday,0,2020-05,2020-Q2,20200527
2020-05-28,2020,2,5,May,22,4,Thursday,0,2020-05,2020-Q2,20200528
2020-05-29,2020,2,5,May,22,5,Friday,0,2020-05,2020-Q2,20200529
2020-05-30,2020,2,5,May,22,6,Saturday,1,2020-05,2020-Q2,20200530
2020-05-31,2020,2,5,May,22,7,Sunday,1,2020-05,2020-Q2,20200531
2020-06-01,2020,2,6,June,23,1,Monday,0,2020-06,2020-Q2,20200601
2020-06-02,2020,2,6,June,23,2,Tuesday,0,2020-06,2020-Q2,20200602
2020-06-03,2020,2,6,June,23,3,Wednesday,0,2020-06,2020-Q2,20200603
2020-06-04,2020,2,6,June,23,4,Thursday,0,2020-06,2020-Q2,20200604
2020-06-05,2020,2,6,June,23,5,Friday,0,2020-06,2020-Q2,20200605
2020-06-06,2020,2,6,June,23,6,Saturday,1,2020-06,2020-Q2,20200606
2020-06-07,2020,2,6,June,23,7,Sunday,1,2020-06,2020-Q2,20200607
2020-06-08,2020,2,6,June,24,1,Monday,0,2020-06,2020-Q2,20200608
2020-06-09,2020,2,6,June,24,2,Tuesday,0,2020-06,2020-Q2,20200609
2020-06-10,2020,2,6,June,24,3,Wednesday,0,2020-06,2020-Q2,20200610
2020-06-11,2020,2,6,June,24,4,Thursday,0,2020-06,2020-Q2,20200611
2020-06-12,2020,2,6,June,24,5,Friday,0,2020-06,2020-Q2,20200612
2020-06-13,2020,2,6,June,24,6,Saturday,1,2020-06,2020-Q2,20200613
2020-06-14,2020,2,6,June,24,7,Sunday,1,2020-06,2020-Q2,20200614
2020-06-15,2020,2,6,June,25,1,Monday,0,2020-06,2020-Q2,20200615
2020-06-16,2020,2,6,June,25,2,Tuesday,0,2020-06,2020-Q2,20200616
2020-06-17,2020,2,6,June,25,3,Wednesday,0,2020-06,2020-Q2,20200617
2020-06-18,2020,2,6,June,25,4,Thursday,0,2020-06,2020-Q2,20200618
2020-06-19,2020,2,6,June,25,5,Friday,0,2020-06,2020-Q2,20200619
2020-06-20,2020,2,6,June,25,6,Saturday,1,2020-06,2020-Q2,20200620
2020-06-21,2020,2,6,June,25,7,Sunday,1,2020-06,2020-Q2,20200621
2020-06-22,2020,2,6,June,26,1,Monday,0,2020-06,2020-Q2,20200622
2020-06-23,2020,2,6,June,26,2,Tuesday,0,2020-06,2020-Q2,20200623
2020-06-24,2020,2,6,June,26,3,Wednesday,0,2020-06,2020-Q2,20200624
2020-06-25,2020,2,6,June,26,4,Thursday,0,2020-06,2020-Q2,20200625
2020-06-26,2020,2,6,June,26,5,Friday,0,2020-06,2020-Q2,20200626
2020-06-27,2020,2,6,June,26,6,Saturday,1,2020-06,2020-Q2,20200627
2020-06-28,2020,2,6,June,26,7,Sunday,1,2020-06,2020-Q2,20200628
2020-06-29,2020,2,6,June,27,1,Monday,0,2020-06,2020-Q2,20200629
2020-06-30,2020,2,6,June,27,2,Tuesday,0,2020-06,2020-Q2,20200630
2020-07-01,2020,3,7,July,27,3,Wednesday,0,2020-07,2020-Q3,20200701
2020-07-02,2020,3,7,July,27,4,Thursday,0,2020-07,2020-Q3,20200702
2020-07-03,2020,3,7,July,27,5,Friday,0,2020-07,2020-Q3,20200703
2020-07-04,2020,3,7,July,27,6,Saturday,1,2020-07,2020-Q3,20200704
2020-07-05,2020,3,7,July,27,7,Sunday,1,2020-07,2020-Q3,20200705
2020-07-06,2020,3,7,July,28,1,Monday,0,2020-07,2020-Q3,20200706
2020-07-07,2020,3,7,July,28,2,Tuesday,0,2020-07,2020-Q3,20200707
2020-07-08,2020,3,7,July,28,3,Wednesday,0,2020-07,2020-Q3,20200708
2020-07-09,2020,3,7,July,28,4,Thursday,0,2020-07,2020-Q3,20200709
2020-07-10,2020,3,7,July,28,5,Friday,0,2020-07,2020-Q3,20200710
2020-07-11,2020,3,7,July,28,6,Saturday,1,2020-07,2020-Q3,20200711
2020-07-12,2020,3,7,July,28,7,Sunday,1,2020-07,2020-Q3,20200712
2020-07-13,2020,3,7,July,29,1,Monday,0,2020-07,2020-Q3,20200713
2020-07-14,2020,3,7,July,29,2,Tuesday,0,2020-07,2020-Q3,20200714
2020-07-15,2020,3,7,July,29,3,Wednesday,0,2020-07,2020-Q3,20200715
2020-07-16,2020,3,7,July,29,4,Thursday,0,2020-07,2020-Q3,20200716
2020-07-17,2020,3,7,July,29,5,Friday,0,2020-07,2020-Q3,20200717
2020-07-18,2020,3,7,July,29,6,Saturday,1,2020-07,2020-Q3,20200718
2020-07-19,2020,3,7,July,29,7,Sunday,1,2020-07,2020-Q3,20200719
2020-07-20,2020,3,7,July,30,1,Monday,0,2020-07,2020-Q3,20200720
2020-07-21,2020,3,7,July,30,2,Tuesday,0,2020-07,2020-Q3,20200721
2020-07-22,2020,3,7,July,30,3,Wednesday,0,2020-07,2020-Q3,20200722
2020-07-23,2020,3,7,July,30,4,Thursday,0,2020-07,2020-Q3,20200723
2020-07-24,2020,3,7,July,30,5,Friday,0,2020-07,2020-Q3,20200724
2020-07-25,2020,3,7,July,30,6,Saturday,1,2020-07,2020-Q3,20200725
2020-07-26,2020,3,7,July,30,7,Sunday,1,2020-07,2020-Q3,20200726
2020-07-27,2020,3,7,July,31,1,Monday,0,2020-07,2020-Q3,20200727
2020-07-28,2020,3,7,July,31,2,Tuesday,0,2020-07,2020-Q3,20200728
2020-07-29,2020,3,7,July,31,3,Wednesday,0,2020-07,2020-Q3,20200729
2020-07-30,2020,3,7,July,31,4,Thursday,0,2020-07,2020-Q3,20200730
2020-07-31,2020,3,7,July,31,5,Friday,0,2020-07,2020-Q3,20200731
2020-08-01,2020,3,8,August,31,6,Saturday,1,2020-08,2020-Q3,20200801
2020-08-02,2020,3,8,August,31,7,Sunday,1,2020-08,2020-Q3,20200802
2020-08-03,2020,3,8,August,32,1,Monday,0,2020-08,2020-Q3,20200803
2020-08-04,2020,3,8,August,32,2,Tuesday,0,2020-08,2020-Q3,20200804
2020-08-05,2020,3,8,August,32,3,Wednesday,0,2020-08,2020-Q3,20200805
2020-08-06,2020,3,8,August,32,4,Thursday,0,2020-08,2020-Q3,20200806
2020-08-07,2020,3,8,August,32,5,Friday,0,2020-08,2020-Q3,20200807
2020-08-08,2020,3,8,August,32,6,Saturday,1,2020-08,2020-Q3,20200808
2020-08-09,2020,3,8,August,32,7,Sunday,1,2020-08,2020-Q3,20200809
2020-08-10,2020,3,8,August,33,1,Monday,0,2020-08,2020-Q3,20200810
2020-08-11,2020,3,8,August,33,2,Tuesday,0,2020-08,2020-Q3,20200811
2020-08-12,2020,3,8,August,33,3,Wednesday,0,2020-08,2020-Q3,20200812
2020-08-13,2020,3,8,August,33,4,Thursday,0,2020-08,2020-Q3,20200813
2020-08-14,2020,3,8,August,33,5,Friday,0,2020-08,2020-Q3,20200814
2020-08-15,2020,3,8,August,33,6,Saturday,1,2020-08,2020-Q3,20200815
2020-08-16,2020,3,8,August,33,7,Sunday,1,2020-08,2020-Q3,20200816
2020-08-17,2020,3,8,August,34,1,Monday,0,2020-08,2020-Q3,20200817
2020-08-18,2020,3,8,August,34,2,Tuesday,0,2020-08,2020-Q3,20200818
2020-08-19,2020,3,8,August,34,3,Wednesday,0,2020-08,2020-Q3,20200819
2020-08-20,2020,3,8,August,34,4,Thursday,0,2020-08,2020-Q3,20200820
2020-08-21,2020,3,8,August,34,5,Friday,0,2020-08,2020-Q3,20200821
2020-08-22,2020,3,8,August,34,6,Saturday,1,2020-08,2020-Q3,20200822
2020-08-23,2020,3,8,August,34,7,Sunday,1,2020-08,2020-Q3,20200823
2020-08-24,2020,3,8,August,35,1,Monday,0,2020-08,2020-Q3,20200824
2020-08-25,2020,3,8,August,35,2,Tuesday,0,2020-08,2020-Q3,20200825
2020-08-26,2020,3,8,August,35,3,Wednesday,0,2020-08,2020-Q3,20200826
2020-08-27,2020,3,8,August,35,4,Thursday,0,2020-08,2020-Q3,20200827
2020-08-28,2020,3,8,August,35,5,Friday,0,2020-08,2020-Q3,20200828
2020-08-29,2020,3,8,August,35,6,Saturday,1,2020-08,2020-Q3,20200829
2020-08-30,2020,3,8,August,35,7,Sunday,1,2020-08,2020-Q3,20200830
2020-08-31,2020,3,8,August,36,1,Monday,0,2020-08,2020-Q3,20200831
2020-09-01,2020,3,9,September,36,2,Tuesday,0,2020-09,2020-Q3,20200901
2020-09-02,2020,3,9,September,36,3,Wednesday,0,2020-09,2020-Q3,20200902
2020-09-03,2020,3,9,September,36,4,Thursday,0,2020-09,2020-Q3,20200903
2020-09-04,2020,3,9,September,36,5,Friday,0,2020-09,2020-Q3,20200904
2020-09-05,2020,3,9,September,36,6,Saturday,1,2020-09,2020-Q3,20200905
2020-09-06,2020,3,9,September,36,7,Sunday,1,2020-09,2020-Q3,20200906
2020-09-07,2020,3,9,September,37,1,Monday,0,2020-09,2020-Q3,20200907
2020-09-08,2020,3,9,September,37,2,Tuesday,0,2020-09,2020-Q3,20200908
2020-09-09,2020,3,9,September,37,3,Wednesday,0,2020-09,2020-Q3,20200909
2020-09-10,2020,3,9,September,37,4,Thursday,0,2020-09,2020-Q3,20200910
2020-09-11,2020,3,9,September,37,5,Friday,0,2020-09,2020-Q3,20200911
2020-09-12,2020,3,9,September,37,6,Saturday,1,2020-09,2020-Q3,20200912
2020-09-13,2020,3,9,September,37,7,Sunday,1,2020-09,2020-Q3,20200913
2020-09-14,2020,3,9,September,38,1,Monday,0,2020-09,2020-Q3,20200914
2020-09-15,2020,3,9,September,38,2,Tuesday,0,2020-09,2020-Q3,20200915
2020-09-16,2020,3,9,September,38,3,Wednesday,0,2020-09,2020-Q3,20200916
2020-09-17,2020,3,9,September,38,4,Thursday,0,2020-09,2020-Q3,20200917
2020-09-18,2020,3,9,September,38,5,Friday,0,2020-09,2020-Q3,20200918
2020-09-19,2020,3,9,September,38,6,Saturday,1,2020-09,2020-Q3,20200919
2020-09-20,2020,3,9,September,38,7,Sunday,1,2020-09,2020-Q3,20200920
2020-09-21,2020,3,9,September,39,1,Monday,0,2020-09,2020-Q3,20200921
2020-09-22,2020,3,9,September,39,2,Tuesday,0,2020-09,2020-Q3,20200922
2020-09-23,2020,3,9,September,39,3,Wednesday,0,2020-09,2020-Q3,20200923
2020-09-24,2020,3,9,September,39,4,Thursday,0,2020-09,2020-Q3,20200924
2020-09-25,2020,3,9,September,39,5,Friday,0,2020-09,2020-Q3,20200925
2020-09-26,2020,3,9,September,39,6,Saturday,1,2020-09,2020-Q3,20200926
2020-09-27,2020,3,9,September,39,7,Sunday,1,2020-09,2020-Q3,20200927
2020-09-28,2020,3,9,September,40,1,Monday,0,2020-09,2020-Q3,20200928
2020-09-29,2020,3,9,September,40,2,Tuesday,0,2020-09,2020-Q3,20200929
2020-09-30,2020,3,9,September,40,3,Wednesday,0,2020-09,2020-Q3,20200930
2020-10-01,2020,4,10,October,40,4,Thursday,0,2020-10,2020-Q4,20201001
2020-10-02,2020,4,10,October,40,5,Friday,0,2020-10,2020-Q4,20201002
2020-10-03,2020,4,10,October,40,6,Saturday,1,2020-10,2020-Q4,20201003
2020-10-04,2020,4,10,October,40,7,Sunday,1,2020-10,2020-Q4,20201004
2020-10-05,2020,4,10,October,41,1,Monday,0,2020-10,2020-Q4,20201005
2020-10-06,2020,4,10,October,41,2,Tuesday,0,2020-10,2020-Q4,20201006
2020-10-07,2020,4,10,October,41,3,Wednesday,0,2020-10,2020-Q4,20201007
2020-10-08,2020,4,10,October,41,4,Thursday,0,2020-10,2020-Q4,20201008
2020-10-09,2020,4,10,October,41,5,Friday,0,2020-10,2020-Q4,20201009
2020-10-10,2020,4,10,October,41,6,Saturday,1,2020-10,2020-Q4,20201010
2020-10-11,2020,4,10,October,41,7,Sunday,1,2020-10,2020-Q4,20201011
2020-10-12,2020,4,10,October,42,1,Monday,0,2020-10,2020-Q4,20201012
2020-10-13,2020,4,10,October,42,2,Tuesday,0,2020-10,2020-Q4,20201013
2020-10-14,2020,4,10,October,42,3,Wednesday,0,2020-10,2020-Q4,20201014
2020-10-15,2020,4,10,October,42,4,Thursday,0,2020-10,2020-Q4,20201015
2020-10-16,2020,4,10,October,42,5,Friday,0,2020-10,2020-Q4,20201016
2020-10-17,2020,4,10,October,42,6,Saturday,1,2020-10,2020-Q4,20201017
2020-10-18,2020,4,10,October,42,7,Sunday,1,2020-10,2020-Q4,20201018
2020-10-19,2020,4,10,October,43,1,Monday,0,2020-10,2020-Q4,20201019
2020-10-20,2020,4,10,October,43,2,Tuesday,0,2020-10,2020-Q4,20201020
2020-10-21,2020,4,10,October,43,3,Wednesday,0,2020-10,2020-Q4,20201021
2020-10-22,2020,4,10,October,43,4,Thursday,0,2020-10,2020-Q4,20201022
2020-10-23,2020,4,10,October,43,5,Friday,0,2020-10,2020-Q4,20201023
2020-10-24,2020,4,10,October,43,6,Saturday,1,2020-10,2020-Q4,20201024
2020-10-25,2020,4,10,October,43,7,Sunday,1,2020-10,2020-Q4,20201025
2020-10-26,2020,4,10,October,44,1,Monday,0,2020-10,2020-Q4,20201026
2020-10-27,2020,4,10,October,44,2,Tuesday,0,2020-10,2020-Q4,20201027
2020-10-28,2020,4,10,October,44,3,Wednesday,0,2020-10,2020-Q4,20201028
2020-10-29,2020,4,10,October,44,4,Thursday,0,2020-10,2020-Q4,20201029
2020-10-30,2020,4,10,October,44,5,Friday,0,2020-10,2020-Q4,20201030
2020-10-31,2020,4,10,October,44,6,Saturday,1,2020-10,2020-Q4,20201031
2020-11-01,2020,4,11,November,44,7,Sunday,1,2020-11,2020-Q4,20201101
2020-11-02,2020,4,11,November,45,1,Monday,0,2020-11,2020-Q4,20201102
2020-11-03,2020,4,11,November,45,2,Tuesday,0,2020-11,2020-Q4,20201103
2020-11-04,2020,4,11,November,45,3,Wednesday,0,2020-11,2020-Q4,20201104
2020-11-05,2020,4,11,November,45,4,Thursday,0,2020-11,2020-Q4,20201105
2020-11-06,2020,4,11,November,45,5,Friday,0,2020-11,2020-Q4,20201106
2020-11-07,2020,4,11,November,45,6,Saturday,1,2020-11,2020-Q4,20201107
2020-11-08,2020,4,11,November,45,7,Sunday,1,2020-11,2020-Q4,20201108
2020-11-09,2020,4,11,November,46,1,Monday,0,2020-11,2020-Q4,20201109
2020-11-10,2020,4,11,November,46,2,Tuesday,0,2020-11,2020-Q4,20201110
2020-11-11,2020,4,11,November,46,3,Wednesday,0,2020-11,2020-Q4,20201111
2020-11-12,2020,4,11,November,46,4,Thursday,0,2020-11,2020-Q4,20201112
2020-11-13,2020,4,11,November,46,5,Friday,0,2020-11,2020-Q4,20201113
2020-11-14,2020,4,11,November,46,6,Saturday,1,2020-11,2020-Q4,20201114
2020-11-15,2020,4,11,November,46,7,Sunday,1,2020-11,2020-Q4,20201115
2020-11-16,2020,4,11,November,47,1,Monday,0,2020-11,2020-Q4,20201116
2020-11-17,2020,4,11,November,47,2,Tuesday,0,2020-11,2020-Q4,20201117
2020-11-18,2020,4,11,November,47,3,Wednesday,0,2020-11,2020-Q4,20201118
2020-11-19,2020,4,11,November,47,4,Thursday,0,2020-11,2020-Q4,20201119
2020-11-20,2020,4,11,November,47,5,Friday,0,2020-11,2020-Q4,20201120
2020-11-21,2020,4,11,November,47,6,Saturday,1,2020-11,2020-Q4,20201121
2020-11-22,2020,4,11,November,47,7,Sunday,1,2020-11,2020-Q4,20201122
2020-11-23,2020,4,11,November,48,1,Monday,0,2020-11,2020-Q4,20201123
2020-11-24,2020,4,11,November,48,2,Tuesday,0,2020-11,2020-Q4,20201124
2020-11-25,2020,4,11,November,48,3,Wednesday,0,2020-11,2020-Q4,20201125
2020-11-26,2020,4,11,November,48,4,Thursday,0,2020-11,2020-Q4,20201126
2020-11-27,2020,4,11,November,48,5,Friday,0,2020-11,2020-Q4,20201127
2020-11-28,2020,4,11,November,48,6,Saturday,1,2020-11,2020-Q4,20201128
2020-11-29,2020,4,11,November,48,7,Sunday,1,2020-11,2020-Q4,20201129
2020-11-30,2020,4,11,November,49,1,Monday,0,2020-11,2020-Q4,20201130
2020-12-01,2020,4,12,December,49,2,Tuesday,0,2020-12,2020-Q4,20201201
2020-12-02,2020,4,12,December,49,3,Wednesday,0,2020-12,2020-Q4,20201202
2020-12-03,2020,4,12,December,49,4,Thursday,0,2020-12,2020-Q4,20201203
2020-12-04,2020,4,12,December,49,5,Friday,0,2020-12,2020-Q4,20201204
2020-12-05,2020,4,12,December,49,6,Saturday,1,2020-12,2020-Q4,20201205
2020-12-06,2020,4,12,December,49,7,Sunday,1,2020-12,2020-Q4,20201206
2020-12-07,2020,4,12,December,50,1,Monday,0,2020-12,2020-Q4,20201207
2020-12-08,2020,4,12,December,50,2,Tuesday,0,2020-12,2020-Q4,20201208
2020-12-09,2020,4,12,December,50,3,Wednesday,0,2020-12,2020-Q4,20201209
2020-12-10,2020,4,12,December,50,4,Thursday,0,2020-12,2020-Q4,20201210
2020-12-11,2020,4,12,December,50,5,Friday,0,2020-12,2020-Q4,20201211
2020-12-12,2020,4,12,December,50,6,Saturday,1,2020-12,2020-Q4,20201212
2020-12-13,2020,4,12,December,50,7,Sunday,1,2020-12,2020-Q4,20201213
2020-12-14,2020,4,12,December,51,1,Monday,0,2020-12,2020-Q4,20201214
2020-12-15,2020,4,12,December,51,2,Tuesday,0,2020-12,2020-Q4,20201215
2020-12-16,2020,4,12,December,51,3,Wednesday,0,2020-12,2020-Q4,20201216
2020-12-17,2020,4,12,December,51,4,Thursday,0,2020-12,2020-Q4,20201217
2020-12-18,2020,4,12,December,51,5,Friday,0,2020-12,2020-Q4,20201218
2020-12-19,2020,4,12,December,51,6,Saturday,1,2020-12,2020-Q4,20201219
2020-12-20,2020,4,12,December,51,7,Sunday,1,2020-12,2020-Q4,20201220
2020-12-21,2020,4,12,December,52,1,Monday,0,2020-12,2020-Q4,20201221
2020-12-22,2020,4,12,December,52,2,Tuesday,0,2020-12,2020-Q4,20201222
2020-12-23,2020,4,12,December,52,3,Wednesday,0,2020-12,2020-Q4,20201223
2020-12-24,2020,4,12,December,52,4,Thursday,0,2020-12,2020-Q4,20201224
2020-12-25,2020,4,12,December,52,5,Friday,0,2020-12,2020-Q4,20201225
2020-12-26,2020,4,12,December,52,6,Saturday,1,2020-12,2020-Q4,20201226
2020-12-27,2020,4,12,December,52,7,Sunday,1,2020-12,2020-Q4,20201227
2020-12-28,2020,4,12,December,53,1,Monday,0,2020-12,2020-Q4,20201228
2020-12-29,2020,4,12,December,53,2,Tuesday,0,2020-12,2020-Q4,20201229
2020-12-30,2020,4,12,December,53,3,Wednesday,0,2020-12,2020-Q4,20201230
2020-12-31,2020,4,12,December,53,4,Thursday,0,2020-12,2020-Q4,20201231
2021-01-01,2021,1,1,January,53,5,Friday,0,2021-01,2021-Q1,20210101
2021-01-02,2021,1,1,January,53,6,Saturday,1,2021-01,2021-Q1,20210102
2021-01-03,2021,1,1,January,53,7,Sunday,1,2021-01,2021-Q1,20210103
2021-01-04,2021,1,1,January,1,1,Monday,0,2021-01,2021-Q1,20210104
2021-01-05,2021,1,1,January,1,2,Tuesday,0,2021-01,2021-Q1,20210105
2021-01-06,2021,1,1,January,1,3,Wednesday,0,2021-01,2021-Q1,20210106
2021-01-07,2021,1,1,January,1,4,Thursday,0,2021-01,2021-Q1,20210107
2021-01-08,2021,1,1,January,1,5,Friday,0,2021-01,2021-Q1,20210108
2021-01-09,2021,1,1,January,1,6,Saturday,1,2021-01,2021-Q1,20210109
2021-01-10,2021,1,1,January,1,7,Sunday,1,2021-01,2021-Q1,20210110
2021-01-11,2021,1,1,January,2,1,Monday,0,2021-01,2021-Q1,20210111
2021-01-12,2021,1,1,January,2,2,Tuesday,0,2021-01,2021-Q1,20210112
2021-01-13,2021,1,1,January,2,3,Wednesday,0,2021-01,2021-Q1,20210113
2021-01-14,2021,1,1,January,2,4,Thursday,0,2021-01,2021-Q1,20210114
2021-01-15,2021,1,1,January,2,5,Friday,0,2021-01,2021-Q1,20210115
2021-01-16,2021,1,1,January,2,6,Saturday,1,2021-01,2021-Q1,20210116
2021-01-17,2021,1,1,January,2,7,Sunday,1,2021-01,2021-Q1,20210117
2021-01-18,2021,1,1,January,3,1,Monday,0,2021-01,2021-Q1,20210118
2021-01-19,2021,1,1,January,3,2,Tuesday,0,2021-01,2021-Q1,20210119
2021-01-20,2021,1,1,January,3,3,Wednesday,0,2021-01,2021-Q1,20210120
2021-01-21,2021,1,1,January,3,4,Thursday,0,2021-01,2021-Q1,20210121
2021-01-22,2021,1,1,January,3,5,Friday,0,2021-01,2021-Q1,20210122
2021-01-23,2021,1,1,January,3,6,Saturday,1,2021-01,2021-Q1,20210123
2021-01-24,2021,1,1,January,3,7,Sunday,1,2021-01,2021-Q1,20210124
2021-01-25,2021,1,1,January,4,1,Monday,0,2021-01,2021-Q1,20210125
2021-01-26,2021,1,1,January,4,2,Tuesday,0,2021-01,2021-Q1,20210126
2021-01-27,2021,1,1,January,4,3,Wednesday,0,2021-01,2021-Q1,20210127
2021-01-28,2021,1,1,January,4,4,Thursday,0,2021-01,2021-Q1,20210128
2021-01-29,2021,1,1,January,4,5,Friday,0,2021-01,2021-Q1,20210129
2021-01-30,2021,1,1,January,4,6,Saturday,1,2021-01,2021-Q1,20210130
2021-01-31,2021,1,1,January,4,7,Sunday,1,2021-01,2021-Q1,20210131
2021-02-01,2021,1,2,February,5,1,Monday,0,2021-02,2021-Q1,20210201
2021-02-02,2021,1,2,February,5,2,Tuesday,0,2021-02,2021-Q1,20210202
2021-02-03,2021,1,2,February,5,3,Wednesday,0,2021-02,2021-Q1,20210203
2021-02-04,2021,1,2,February,5,4,Thursday,0,2021-02,2021-Q1,20210204
2021-02-05,2021,1,2,February,5,5,Friday,0,2021-02,2021-Q1,20210205
2021-02-06,2021,1,2,February,5,6,Saturday,1,2021-02,2021-Q1,20210206
2021-02-07,2021,1,2,February,5,7,Sunday,1,2021-02,2021-Q1,20210207
2021-02-08,2021,1,2,February,6,1,Monday,0,2021-02,2021-Q1,20210208
2021-02-09,2021,1,2,February,6,2,Tuesday,0,2021-02,2021-Q1,20210209
2021-02-10,2021,1,2,February,6,3,Wednesday,0,2021-02,2021-Q1,20210210
2021-02-11,2021,1,2,February,6,4,Thursday,0,2021-02,2021-Q1,20210211
2021-02-12,2021,1,2,February,6,5,Friday,0,2021-02,2021-Q1,20210212
2021-02-13,2021,1,2,February,6,6,Saturday,1,2021-02,2021-Q1,20210213
2021-02-14,2021,1,2,February,6,7,Sunday,1,2021-02,2021-Q1,20210214
2021-02-15,2021,1,2,February,7,1,Monday,0,2021-02,2021-Q1,20210215
2021-02-16,2021,1,2,February,7,2,Tuesday,0,2021-02,2021-Q1,20210216
2021-02-17,2021,1,2,February,7,3,Wednesday,0,2021-02,2021-Q1,20210217
2021-02-18,2021,1,2,February,7,4,Thursday,0,2021-02,2021-Q1,20210218
2021-02-19,2021,1,2,February,7,5,Friday,0,2021-02,2021-Q1,20210219
2021-02-20,2021,1,2,February,7,6,Saturday,1,2021-02,2021-Q1,20210220
2021-02-21,2021,1,2,February,7,7,Sunday,1,2021-02,2021-Q1,20210221
2021-02-22,2021,1,2,February,8,1,Monday,0,2021-02,2021-Q1,20210222
2021-02-23,2021,1,2,February,8,2,Tuesday,0,2021-02,2021-Q1,20210223
2021-02-24,2021,1,2,February,8,3,Wednesday,0,2021-02,2021-Q1,20210224
2021-02-25,2021,1,2,February,8,4,Thursday,0,2021-02,2021-Q1,20210225
2021-02-26,2021,1,2,February,8,5,Friday,0,2021-02,2021-Q1,20210226
2021-02-27,2021,1,2,February,8,6,Saturday,1,2021-02,2021-Q1,20210227
2021-02-28,2021,1,2,February,8,7,Sunday,1,2021-02,2021-Q1,20210228
2021-03-01,2021,1,3,March,9,1,Monday,0,2021-03,2021-Q1,20210301
2021-03-02,2021,1,3,March,9,2,Tuesday,0,2021-03,2021-Q1,20210302
2021-03-03,2021,1,3,March,9,3,Wednesday,0,2021-03,2021-Q1,20210303
2021-03-04,2021,1,3,March,9,4,Thursday,0,2021-03,2021-Q1,20210304
2021-03-05,2021,1,3,March,9,5,Friday,0,2021-03,2021-Q1,20210305
2021-03-06,2021,1,3,March,9,6,Saturday,1,2021-03,2021-Q1,20210306
2021-03-07,2021,1,3,March,9,7,Sunday,1,2021-03,2021-Q1,20210307
2021-03-08,2021,1,3,March,10,1,Monday,0,2021-03,2021-Q1,20210308
2021-03-09,2021,1,3,March,10,2,Tuesday,0,2021-03,2021-Q1,20210309
2021-03-10,2021,1,3,March,10,3,Wednesday,0,2021-03,2021-Q1,20210310
2021-03-11,2021,1,3,March,10,4,Thursday,0,2021-03,2021-Q1,20210311
2021-03-12,2021,1,3,March,10,5,Friday,0,2021-03,2021-Q1,20210312
2021-03-13,2021,1,3,March,10,6,Saturday,1,2021-03,2021-Q1,20210313
2021-03-14,2021,1,3,March,10,7,Sunday,1,2021-03,2021-Q1,20210314
2021-03-15,2021,1,3,March,11,1,Monday,0,2021-03,2021-Q1,20210315
2021-03-16,2021,1,3,March,11,2,Tuesday,0,2021-03,2021-Q1,20210316
2021-03-17,2021,1,3,March,11,3,Wednesday,0,2021-03,2021-Q1,20210317
2021-03-18,2021,1,3,March,11,4,Thursday,0,2021-03,2021-Q1,20210318
2021-03-19,2021,1,3,March,11,5,Friday,0,2021-03,2021-Q1,20210319
2021-03-20,2021,1,3,March,11,6,Saturday,1,2021-03,2021-Q1,20210320
2021-03-21,2021,1,3,March,11,7,Sunday,1,2021-03,2021-Q1,20210321
2021-03-22,2021,1,3,March,12,1,Monday,0,2021-03,2021-Q1,20210322
2021-03-23,2021,1,3,March,12,2,Tuesday,0,2021-03,2021-Q1,20210323
2021-03-24,2021,1,3,March,12,3,Wednesday,0,2021-03,2021-Q1,20210324
2021-03-25,2021,1,3,March,12,4,Thursday,0,2021-03,2021-Q1,20210325
2021-03-26,2021,1,3,March,12,5,Friday,0,2021-03,2021-Q1,20210326
2021-03-27,2021,1,3,March,12,6,Saturday,1,2021-03,2021-Q1,20210327
2021-03-28,2021,1,3,March,12,7,Sunday,1,2021-03,2021-Q1,20210328
2021-03-29,2021,1,3,March,13,1,Monday,0,2021-03,2021-Q1,20210329
2021-03-30,2021,1,3,March,13,2,Tuesday,0,2021-03,2021-Q1,20210330
2021-03-31,2021,1,3,March,13,3,Wednesday,0,2021-03,2021-Q1,20210331
2021-04-01,2021,2,4,April,13,4,Thursday,0,2021-04,2021-Q2,20210401
2021-04-02,2021,2,4,April,13,5,Friday,0,2021-04,2021-Q2,20210402
2021-04-03,2021,2,4,April,13,6,Saturday,1,2021-04,2021-Q2,20210403
2021-04-04,2021,2,4,April,13,7,Sunday,1,2021-04,2021-Q2,20210404
2021-04-05,2021,2,4,April,14,1,Monday,0,2021-04,2021-Q2,20210405
2021-04-06,2021,2,4,April,14,2,Tuesday,0,2021-04,2021-Q2,20210406
2021-04-07,2021,2,4,April,14,3,Wednesday,0,2021-04,2021-Q2,20210407
2021-04-08,2021,2,4,April,14,4,Thursday,0,2021-04,2021-Q2,20210408
2021-04-09,2021,2,4,April,14,5,Friday,0,2021-04,2021-Q2,20210409
2021-04-10,2021,2,4,April,14,6,Saturday,1,2021-04,2021-Q2,20210410
2021-04-11,2021,2,4,April,14,7,Sunday,1,2021-04,2021-Q2,20210411
2021-04-12,2021,2,4,April,15,1,Monday,0,2021-04,2021-Q2,20210412
2021-04-13,2021,2,4,April,15,2,Tuesday,0,2021-04,2021-Q2,20210413
2021-04-14,2021,2,4,April,15,3,Wednesday,0,2021-04,2021-Q2,20210414
2021-04-15,2021,2,4,April,15,4,Thursday,0,2021-04,2021-Q2,20210415
2021-04-16,2021,2,4,April,15,5,Friday,0,2021-04,2021-Q2,20210416
2021-04-17,2021,2,4,April,15,6,Saturday,1,2021-04,2021-Q2,20210417
2021-04-18,2021,2,4,April,15,7,Sunday,1,2021-04,2021-Q2,20210418
2021-04-19,2021,2,4,April,16,1,Monday,0,2021-04,2021-Q2,20210419
2021-04-20,2021,2,4,April,16,2,Tuesday,0,2021-04,2021-Q2,20210420
2021-04-21,2021,2,4,April,16,3,Wednesday,0,2021-04,2021-Q2,20210421
2021-04-22,2021,2,4,April,16,4,Thursday,0,2021-04,2021-Q2,20210422
2021-04-23,2021,2,4,April,16,5,Friday,0,2021-04,2021-Q2,20210423
2021-04-24,2021,2,4,April,16,6,Saturday,1,2021-04,2021-Q2,20210424
2021-04-25,2021,2,4,April,16,7,Sunday,1,2021-04,2021-Q2,20210425
2021-04-26,2021,2,4,April,17,1,Monday,0,2021-04,2021-Q2,20210426
2021-04-27,2021,2,4,April,17,2,Tuesday,0,2021-04,2021-Q2,20210427
2021-04-28,2021,2,4,April,17,3,Wednesday,0,2021-04,2021-Q2,20210428
2021-04-29,2021,2,4,April,17,4,Thursday,0,2021-04,2021-Q2,20210429
2021-04-30,2021,2,4,April,17,5,Friday,0,2021-04,2021-Q2,20210430
2021-05-01,2021,2,5,May,17,6,Saturday,1,2021-05,2021-Q2,20210501
2021-05-02,2021,2,5,May,17,7,Sunday,1,2021-05,2021-Q2,20210502
2021-05-03,2021,2,5,May,18,1,Monday,0,2021-05,2021-Q2,20210503
2021-05-04,2021,2,5,May,18,2,Tuesday,0,2021-05,2021-Q2,20210504
2021-05-05,2021,2,5,May,18,3,Wednesday,0,2021-05,2021-Q2,20210505
2021-05-06,2021,2,5,May,18,4,Thursday,0,2021-05,2021-Q2,20210506
2021-05-07,2021,2,5,May,18,5,Friday,0,2021-05,2021-Q2,20210507
2021-05-08,2021,2,5,May,18,6,Saturday,1,2021-05,2021-Q2,20210508
2021-05-09,2021,2,5,May,18,7,Sunday,1,2021-05,2021-Q2,20210509
2021-05-10,2021,2,5,May,19,1,Monday,0,2021-05,2021-Q2,20210510
2021-05-11,2021,2,5,May,19,2,Tuesday,0,2021-05,2021-Q2,20210511
2021-05-12,2021,2,5,May,19,3,Wednesday,0,2021-05,2021-Q2,20210512
2021-05-13,2021,2,5,May,19,4,Thursday,0,2021-05,2021-Q2,20210513
2021-05-14,2021,2,5,May,19,5,Friday,0,2021-05,2021-Q2,20210514
2021-05-15,2021,2,5,May,19,6,Saturday,1,2021-05,2021-Q2,20210515
2021-05-16,2021,2,5,May,19,7,Sunday,1,2021-05,2021-Q2,20210516
2021-05-17,2021,2,5,May,20,1,Monday,0,2021-05,2021-Q2,20210517
2021-05-18,2021,2,5,May,20,2,Tuesday,0,2021-05,2021-Q2,20210518
2021-05-19,2021,2,5,May,20,3,Wednesday,0,2021-05,2021-Q2,20210519
2021-05-20,2021,2,5,May,20,4,Thursday,0,2021-05,2021-Q2,20210520
2021-05-21,2021,2,5,May,20,5,Friday,0,2021-05,2021-Q2,20210521
2021-05-22,2021,2,5,May,20,6,Saturday,1,2021-05,2021-Q2,20210522
2021-05-23,2021,2,5,May,20,7,Sunday,1,2021-05,2021-Q2,20210523
2021-05-24,2021,2,5,May,21,1,Monday,0,2021-05,2021-Q2,20210524
2021-05-25,2021,2,5,May,21,2,Tuesday,0,2021-05,2021-Q2,20210525
2021-05-26,2021,2,5,May,21,3,Wednesday,0,2021-05,2021-Q2,20210526
2021-05-27,2021,2,5,May,21,4,Thursday,0,2021-05,2021-Q2,20210527
2021-05-28,2021,2,5,May,21,5,Friday,0,2021-05,2021-Q2,20210528
2021-05-29,2021,2,5,May,21,6,Saturday,1,2021-05,2021-Q2,20210529
2021-05-30,2021,2,5,May,21,7,Sunday,1,2021-05,2021-Q2,20210530
2021-05-31,2021,2,5,May,22,1,Monday,0,2021-05,2021-Q2,20210531
2021-06-01,2021,2,6,June,22,2,Tuesday,0,2021-06,2021-Q2,20210601
2021-06-02,2021,2,6,June,22,3,Wednesday,0,2021-06,2021-Q2,20210602
2021-06-03,2021,2,6,June,22,4,Thursday,0,2021-06,2021-Q2,20210603
2021-06-04,2021,2,6,June,22,5,Friday,0,2021-06,2021-Q2,20210604
2021-06-05,2021,2,6,June,22,6,Saturday,1,2021-06,2021-Q2,20210605
2021-06-06,2021,2,6,June,22,7,Sunday,1,2021-06,2021-Q2,20210606
2021-06-07,2021,2,6,June,23,1,Monday,0,2021-06,2021-Q2,20210607
2021-06-08,2021,2,6,June,23,2,Tuesday,0,2021-06,2021-Q2,20210608
2021-06-09,2021,2,6,June,23,3,Wednesday,0,2021-06,2021-Q2,20210609
2021-06-10,2021,2,6,June,23,4,Thursday,0,2021-06,2021-Q2,20210610
2021-06-11,2021,2,6,June,23,5,Friday,0,2021-06,2021-Q2,20210611
2021-06-12,2021,2,6,June,23,6,Saturday,1,2021-06,2021-Q2,20210612
2021-06-13,2021,2,6,June,23,7,Sunday,1,2021-06,2021-Q2,20210613
2021-06-14,2021,2,6,June,24,1,Monday,0,2021-06,2021-Q2,20210614
2021-06-15,2021,2,6,June,24,2,Tuesday,0,2021-06,2021-Q2,20210615
2021-06-16,2021,2,6,June,24,3,Wednesday,0,2021-06,2021-Q2,20210616
2021-06-17,2021,2,6,June,24,4,Thursday,0,2021-06,2021-Q2,20210617
2021-06-18,2021,2,6,June,24,5,Friday,0,2021-06,2021-Q2,20210618
2021-06-19,2021,2,6,June,24,6,Saturday,1,2021-06,2021-Q2,20210619
2021-06-20,2021,2,6,June,24,7,Sunday,1,2021-06,2021-Q2,20210620
2021-06-21,2021,2,6,June,25,1,Monday,0,2021-06,2021-Q2,20210621
2021-06-22,2021,2,6,June,25,2,Tuesday,0,2021-06,2021-Q2,20210622
2021-06-23,2021,2,6,June,25,3,Wednesday,0,2021-06,2021-Q2,20210623
2021-06-24,2021,2,6,June,25,4,Thursday,0,2021-06,2021-Q2,20210624
2021-06-25,2021,2,6,June,25,5,Friday,0,2021-06,2021-Q2,20210625
2021-06-26,2021,2,6,June,25,6,Saturday,1,2021-06,2021-Q2,20210626
2021-06-27,2021,2,6,June,25,7,Sunday,1,2021-06,2021-Q2,20210627
2021-06-28,2021,2,6,June,26,1,Monday,0,2021-06,2021-Q2,20210628
2021-06-29,2021,2,6,June,26,2,Tuesday,0,2021-06,2021-Q2,20210629
2021-06-30,2021,2,6,June,26,3,Wednesday,0,2021-06,2021-Q2,20210630
2021-07-01,2021,3,7,July,26,4,Thursday,0,2021-07,2021-Q3,20210701
2021-07-02,2021,3,7,July,26,5,Friday,0,2021-07,2021-Q3,20210702
2021-07-03,2021,3,7,July,26,6,Saturday,1,2021-07,2021-Q3,20210703
2021-07-04,2021,3,7,July,26,7,Sunday,1,2021-07,2021-Q3,20210704
2021-07-05,2021,3,7,July,27,1,Monday,0,2021-07,2021-Q3,20210705
2021-07-06,2021,3,7,July,27,2,Tuesday,0,2021-07,2021-Q3,20210706
2021-07-07,2021,3,7,July,27,3,Wednesday,0,2021-07,2021-Q3,20210707
2021-07-08,2021,3,7,July,27,4,Thursday,0,2021-07,2021-Q3,20210708
2021-07-09,2021,3,7,July,27,5,Friday,0,2021-07,2021-Q3,20210709
2021-07-10,2021,3,7,July,27,6,Saturday,1,2021-07,2021-Q3,20210710
2021-07-11,2021,3,7,July,27,7,Sunday,1,2021-07,2021-Q3,20210711
2021-07-12,2021,3,7,July,28,1,Monday,0,2021-07,2021-Q3,20210712
2021-07-13,2021,3,7,July,28,2,Tuesday,0,2021-07,2021-Q3,20210713
2021-07-14,2021,3,7,July,28,3,Wednesday,0,2021-07,2021-Q3,20210714
2021-07-15,2021,3,7,July,28,4,Thursday,0,2021-07,2021-Q3,20210715
2021-07-16,2021,3,7,July,28,5,Friday,0,2021-07,2021-Q3,20210716
2021-07-17,2021,3,7,July,28,6,Saturday,1,2021-07,2021-Q3,20210717
2021-07-18,2021,3,7,July,28,7,Sunday,1,2021-07,2021-Q3,20210718
2021-07-19,2021,3,7,July,29,1,Monday,0,2021-07,2021-Q3,20210719
2021-07-20,2021,3,7,July,29,2,Tuesday,0,2021-07,2021-Q3,20210720
2021-07-21,2021,3,7,July,29,3,Wednesday,0,2021-07,2021-Q3,20210721
2021-07-22,2021,3,7,July,29,4,Thursday,0,2021-07,2021-Q3,20210722
2021-07-23,2021,3,7,July,29,5,Friday,0,2021-07,2021-Q3,20210723
2021-07-24,2021,3,7,July,29,6,Saturday,1,2021-07,2021-Q3,20210724
2021-07-25,2021,3,7,July,29,7,Sunday,1,2021-07,2021-Q3,20210725
2021-07-26,2021,3,7,July,30,1,Monday,0,2021-07,2021-Q3,20210726
2021-07-27,2021,3,7,July,30,2,Tuesday,0,2021-07,2021-Q3,20210727
2021-07-28,2021,3,7,July,30,3,Wednesday,0,2021-07,2021-Q3,20210728
2021-07-29,2021,3,7,July,30,4,Thursday,0,2021-07,2021-Q3,20210729
2021-07-30,2021,3,7,July,30,5,Friday,0,2021-07,2021-Q3,20210730
2021-07-31,2021,3,7,July,30,6,Saturday,1,2021-07,2021-Q3,20210731
2021-08-01,2021,3,8,August,30,7,Sunday,1,2021-08,2021-Q3,20210801
2021-08-02,2021,3,8,August,31,1,Monday,0,2021-08,2021-Q3,20210802
2021-08-03,2021,3,8,August,31,2,Tuesday,0,2021-08,2021-Q3,20210803
2021-08-04,2021,3,8,August,31,3,Wednesday,0,2021-08,2021-Q3,20210804
2021-08-05,2021,3,8,August,31,4,Thursday,0,2021-08,2021-Q3,20210805
2021-08-06,2021,3,8,August,31,5,Friday,0,2021-08,2021-Q3,20210806
2021-08-07,2021,3,8,August,31,6,Saturday,1,2021-08,2021-Q3,20210807
2021-08-08,2021,3,8,August,31,7,Sunday,1,2021-08,2021-Q3,20210808
2021-08-09,2021,3,8,August,32,1,Monday,0,2021-08,2021-Q3,20210809
2021-08-10,2021,3,8,August,32,2,Tuesday,0,2021-08,2021-Q3,20210810
2021-08-11,2021,3,8,August,32,3,Wednesday,0,2021-08,2021-Q3,20210811
2021-08-12,2021,3,8,August,32,4,Thursday,0,2021-08,2021-Q3,20210812
2021-08-13,2021,3,8,August,32,5,Friday,0,2021-08,2021-Q3,20210813
2021-08-14,2021,3,8,August,32,6,Saturday,1,2021-08,2021-Q3,20210814
2021-08-15,2021,3,8,August,32,7,Sunday,1,2021-08,2021-Q3,20210815
2021-08-16,2021,3,8,August,33,1,Monday,0,2021-08,2021-Q3,20210816
2021-08-17,2021,3,8,August,33,2,Tuesday,0,2021-08,2021-Q3,20210817
2021-08-18,2021,3,8,August,33,3,Wednesday,0,2021-08,2021-Q3,20210818
2021-08-19,2021,3,8,August,33,4,Thursday,0,2021-08,2021-Q3,20210819
2021-08-20,2021,3,8,August,33,5,Friday,0,2021-08,2021-Q3,20210820
2021-08-21,2021,3,8,August,33,6,Saturday,1,2021-08,2021-Q3,20210821
2021-08-22,2021,3,8,August,33,7,Sunday,1,2021-08,2021-Q3,20210822
2021-08-23,2021,3,8,August,34,1,Monday,0,2021-08,2021-Q3,20210823
2021-08-24,2021,3,8,August,34,2,Tuesday,0,2021-08,2021-Q3,20210824
2021-08-25,2021,3,8,August,34,3,Wednesday,0,2021-08,2021-Q3,20210825
2021-08-26,2021,3,8,August,34,4,Thursday,0,2021-08,2021-Q3,20210826
2021-08-27,2021,3,8,August,34,5,Friday,0,2021-08,2021-Q3,20210827
2021-08-28,2021,3,8,August,34,6,Saturday,1,2021-08,2021-Q3,20210828
2021-08-29,2021,3,8,August,34,7,Sunday,1,2021-08,2021-Q3,20210829
2021-08-30,2021,3,8,August,35,1,Monday,0,2021-08,2021-Q3,20210830
2021-08-31,2021,3,8,August,35,2,Tuesday,0,2021-08,2021-Q3,20210831
2021-09-01,2021,3,9,September,35,3,Wednesday,0,2021-09,2021-Q3,20210901
2021-09-02,2021,3,9,September,35,4,Thursday,0,2021-09,2021-Q3,20210902
2021-09-03,2021,3,9,September,35,5,Friday,0,2021-09,2021-Q3,20210903
2021-09-04,2021,3,9,September,35,6,Saturday,1,2021-09,2021-Q3,20210904
2021-09-05,2021,3,9,September,35,7,Sunday,1,2021-09,2021-Q3,20210905
2021-09-06,2021,3,9,September,36,1,Monday,0,2021-09,2021-Q3,20210906
2021-09-07,2021,3,9,September,36,2,Tuesday,0,2021-09,2021-Q3,20210907
2021-09-08,2021,3,9,September,36,3,Wednesday,0,2021-09,2021-Q3,20210908
2021-09-09,2021,3,9,September,36,4,Thursday,0,2021-09,2021-Q3,20210909
2021-09-10,2021,3,9,September,36,5,Friday,0,2021-09,2021-Q3,20210910
2021-09-11,2021,3,9,September,36,6,Saturday,1,2021-09,2021-Q3,20210911
2021-09-12,2021,3,9,September,36,7,Sunday,1,2021-09,2021-Q3,20210912
2021-09-13,2021,3,9,September,37,1,Monday,0,2021-09,2021-Q3,20210913
2021-09-14,2021,3,9,September,37,2,Tuesday,0,2021-09,2021-Q3,20210914
2021-09-15,2021,3,9,September,37,3,Wednesday,0,2021-09,2021-Q3,20210915
2021-09-16,2021,3,9,September,37,4,Thursday,0,2021-09,2021-Q3,20210916
2021-09-17,2021,3,9,September,37,5,Friday,0,2021-09,2021-Q3,20210917
2021-09-18,2021,3,9,September,37,6,Saturday,1,2021-09,2021-Q3,20210918
2021-09-19,2021,3,9,September,37,7,Sunday,1,2021-09,2021-Q3,20210919
2021-09-20,2021,3,9,September,38,1,Monday,0,2021-09,2021-Q3,20210920
2021-09-21,2021,3,9,September,38,2,Tuesday,0,2021-09,2021-Q3,20210921
2021-09-22,2021,3,9,September,38,3,Wednesday,0,2021-09,2021-Q3,20210922
2021-09-23,2021,3,9,September,38,4,Thursday,0,2021-09,2021-Q3,20210923
2021-09-24,2021,3,9,September,38,5,Friday,0,2021-09,2021-Q3,20210924
2021-09-25,2021,3,9,September,38,6,Saturday,1,2021-09,2021-Q3,20210925
2021-09-26,2021,3,9,September,38,7,Sunday,1,2021-09,2021-Q3,20210926
2021-09-27,2021,3,9,September,39,1,Monday,0,2021-09,2021-Q3,20210927
2021-09-28,2021,3,9,September,39,2,Tuesday,0,2021-09,2021-Q3,20210928
2021-09-29,2021,3,9,September,39,3,Wednesday,0,2021-09,2021-Q3,20210929
2021-09-30,2021,3,9,September,39,4,Thursday,0,2021-09,2021-Q3,20210930
2021-10-01,2021,4,10,October,39,5,Friday,0,2021-10,2021-Q4,20211001
2021-10-02,2021,4,10,October,39,6,Saturday,1,2021-10,2021-Q4,20211002
2021-10-03,2021,4,10,October,39,7,Sunday,1,2021-10,2021-Q4,20211003
2021-10-04,2021,4,10,October,40,1,Monday,0,2021-10,2021-Q4,20211004
2021-10-05,2021,4,10,October,40,2,Tuesday,0,2021-10,2021-Q4,20211005
2021-10-06,2021,4,10,October,40,3,Wednesday,0,2021-10,2021-Q4,20211006
2021-10-07,2021,4,10,October,40,4,Thursday,0,2021-10,2021-Q4,20211007
2021-10-08,2021,4,10,October,40,5,Friday,0,2021-10,2021-Q4,20211008
2021-10-09,2021,4,10,October,40,6,Saturday,1,2021-10,2021-Q4,20211009
2021-10-10,2021,4,10,October,40,7,Sunday,1,2021-10,2021-Q4,20211010
2021-10-11,2021,4,10,October,41,1,Monday,0,2021-10,2021-Q4,20211011
2021-10-12,2021,4,10,October,41,2,Tuesday,0,2021-10,2021-Q4,20211012
2021-10-13,2021,4,10,October,41,3,Wednesday,0,2021-10,2021-Q4,20211013
2021-10-14,2021,4,10,October,41,4,Thursday,0,2021-10,2021-Q4,20211014
2021-10-15,2021,4,10,October,41,5,Friday,0,2021-10,2021-Q4,20211015
2021-10-16,2021,4,10,October,41,6,Saturday,1,2021-10,2021-Q4,20211016
2021-10-17,2021,4,10,October,41,7,Sunday,1,2021-10,2021-Q4,20211017
2021-10-18,2021,4,10,October,42,1,Monday,0,2021-10,2021-Q4,20211018
2021-10-19,2021,4,10,October,42,2,Tuesday,0,2021-10,2021-Q4,20211019
2021-10-20,2021,4,10,October,42,3,Wednesday,0,2021-10,2021-Q4,20211020
2021-10-21,2021,4,10,October,42,4,Thursday,0,2021-10,2021-Q4,20211021
2021-10-22,2021,4,10,October,42,5,Friday,0,2021-10,2021-Q4,20211022
2021-10-23,2021,4,10,October,42,6,Saturday,1,2021-10,2021-Q4,20211023
2021-10-24,2021,4,10,October,42,7,Sunday,1,2021-10,2021-Q4,20211024
2021-10-25,2021,4,10,October,43,1,Monday,0,2021-10,2021-Q4,20211025
2021-10-26,2021,4,10,October,43,2,Tuesday,0,2021-10,2021-Q4,20211026
2021-10-27,2021,4,10,October,43,3,Wednesday,0,2021-10,2021-Q4,20211027
2021-10-28,2021,4,10,October,43,4,Thursday,0,2021-10,2021-Q4,20211028
2021-10-29,2021,4,10,October,43,5,Friday,0,2021-10,2021-Q4,20211029
2021-10-30,2021,4,10,October,43,6,Saturday,1,2021-10,2021-Q4,20211030
2021-10-31,2021,4,10,October,43,7,Sunday,1,2021-10,2021-Q4,20211031
2021-11-01,2021,4,11,November,44,1,Monday,0,2021-11,2021-Q4,20211101
2021-11-02,2021,4,11,November,44,2,Tuesday,0,2021-11,2021-Q4,20211102
2021-11-03,2021,4,11,November,44,3,Wednesday,0,2021-11,2021-Q4,20211103
2021-11-04,2021,4,11,November,44,4,Thursday,0,2021-11,2021-Q4,20211104
2021-11-05,2021,4,11,November,44,5,Friday,0,2021-11,2021-Q4,20211105
2021-11-06,2021,4,11,November,44,6,Saturday,1,2021-11,2021-Q4,20211106
2021-11-07,2021,4,11,November,44,7,Sunday,1,2021-11,2021-Q4,20211107
2021-11-08,2021,4,11,November,45,1,Monday,0,2021-11,2021-Q4,20211108
2021-11-09,2021,4,11,November,45,2,Tuesday,0,2021-11,2021-Q4,20211109
2021-11-10,2021,4,11,November,45,3,Wednesday,0,2021-11,2021-Q4,20211110
2021-11-11,2021,4,11,November,45,4,Thursday,0,2021-11,2021-Q4,20211111
2021-11-12,2021,4,11,November,45,5,Friday,0,2021-11,2021-Q4,20211112
2021-11-13,2021,4,11,November,45,6,Saturday,1,2021-11,2021-Q4,20211113
2021-11-14,2021,4,11,November,45,7,Sunday,1,2021-11,2021-Q4,20211114
2021-11-15,2021,4,11,November,46,1,Monday,0,2021-11,2021-Q4,20211115
2021-11-16,2021,4,11,November,46,2,Tuesday,0,2021-11,2021-Q4,20211116
2021-11-17,2021,4,11,November,46,3,Wednesday,0,2021-11,2021-Q4,20211117
2021-11-18,2021,4,11,November,46,4,Thursday,0,2021-11,2021-Q4,20211118
2021-11-19,2021,4,11,November,46,5,Friday,0,2021-11,2021-Q4,20211119
2021-11-20,2021,4,11,November,46,6,Saturday,1,2021-11,2021-Q4,20211120
2021-11-21,2021,4,11,November,46,7,Sunday,1,2021-11,2021-Q4,20211121
2021-11-22,2021,4,11,November,47,1,Monday,0,2021-11,2021-Q4,20211122
2021-11-23,2021,4,11,November,47,2,Tuesday,0,2021-11,2021-Q4,20211123
2021-11-24,2021,4,11,November,47,3,Wednesday,0,2021-11,2021-Q4,20211124
2021-11-25,2021,4,11,November,47,4,Thursday,0,2021-11,2021-Q4,20211125
2021-11-26,2021,4,11,November,47,5,Friday,0,2021-11,2021-Q4,20211126
2021-11-27,2021,4,11,November,47,6,Saturday,1,2021-11,2021-Q4,20211127
2021-11-28,2021,4,11,November,47,7,Sunday,1,2021-11,2021-Q4,20211128
2021-11-29,2021,4,11,November,48,1,Monday,0,2021-11,2021-Q4,20211129
2021-11-30,2021,4,11,November,48,2,Tuesday,0,2021-11,2021-Q4,20211130
2021-12-01,2021,4,12,December,48,3,Wednesday,0,2021-12,2021-Q4,20211201
2021-12-02,2021,4,12,December,48,4,Thursday,0,2021-12,2021-Q4,20211202
2021-12-03,2021,4,12,December,48,5,Friday,0,2021-12,2021-Q4,20211203
2021-12-04,2021,4,12,December,48,6,Saturday,1,2021-12,2021-Q4,20211204
2021-12-05,2021,4,12,December,48,7,Sunday,1,2021-12,2021-Q4,20211205
2021-12-06,2021,4,12,December,49,1,Monday,0,2021-12,2021-Q4,20211206
2021-12-07,2021,4,12,December,49,2,Tuesday,0,2021-12,2021-Q4,20211207
2021-12-08,2021,4,12,December,49,3,Wednesday,0,2021-12,2021-Q4,20211208
2021-12-09,2021,4,12,December,49,4,Thursday,0,2021-12,2021-Q4,20211209
2021-12-10,2021,4,12,December,49,5,Friday,0,2021-12,2021-Q4,20211210
2021-12-11,2021,4,12,December,49,6,Saturday,1,2021-12,2021-Q4,20211211
2021-12-12,2021,4,12,December,49,7,Sunday,1,2021-12,2021-Q4,20211212
2021-12-13,2021,4,12,December,50,1,Monday,0,2021-12,2021-Q4,20211213
2021-12-14,2021,4,12,December,50,2,Tuesday,0,2021-12,2021-Q4,20211214
2021-12-15,2021,4,12,December,50,3,Wednesday,0,2021-12,2021-Q4,20211215
2021-12-16,2021,4,12,December,50,4,Thursday,0,2021-12,2021-Q4,20211216
2021-12-17,2021,4,12,December,50,5,Friday,0,2021-12,2021-Q4,20211217
2021-12-18,2021,4,12,December,50,6,Saturday,1,2021-12,2021-Q4,20211218
2021-12-19,2021,4,12,December,50,7,Sunday,1,2021-12,2021-Q4,20211219
2021-12-20,2021,4,12,December,51,1,Monday,0,2021-12,2021-Q4,20211220
2021-12-21,2021,4,12,December,51,2,Tuesday,0,2021-12,2021-Q4,20211221
2021-12-22,2021,4,12,December,51,3,Wednesday,0,2021-12,2021-Q4,20211222
2021-12-23,2021,4,12,December,51,4,Thursday,0,2021-12,2021-Q4,20211223
2021-12-24,2021,4,12,December,51,5,Friday,0,2021-12,2021-Q4,20211224
2021-12-25,2021,4,12,December,51,6,Saturday,1,2021-12,2021-Q4,20211225
2021-12-26,2021,4,12,December,51,7,Sunday,1,2021-12,2021-Q4,20211226
2021-12-27,2021,4,12,December,52,1,Monday,0,2021-12,2021-Q4,20211227
2021-12-28,2021,4,12,December,52,2,Tuesday,0,2021-12,2021-Q4,20211228
2021-12-29,2021,4,12,December,52,3,Wednesday,0,2021-12,2021-Q4,20211229
2021-12-30,2021,4,12,December,52,4,Thursday,0,2021-12,2021-Q4,20211230
2021-12-31,2021,4,12,December,52,5,Friday,0,2021-12,2021-Q4,20211231
2022-01-01,2022,1,1,January,52,6,Saturday,1,2022-01,2022-Q1,20220101
2022-01-02,2022,1,1,January,52,7,Sunday,1,2022-01,2022-Q1,20220102
2022-01-03,2022,1,1,January,1,1,Monday,0,2022-01,2022-Q1,20220103
2022-01-04,2022,1,1,January,1,2,Tuesday,0,2022-01,2022-Q1,20220104
2022-01-05,2022,1,1,January,1,3,Wednesday,0,2022-01,2022-Q1,20220105
2022-01-06,2022,1,1,January,1,4,Thursday,0,2022-01,2022-Q1,20220106
2022-01-07,2022,1,1,January,1,5,Friday,0,2022-01,2022-Q1,20220107
2022-01-08,2022,1,1,January,1,6,Saturday,1,2022-01,2022-Q1,20220108
2022-01-09,2022,1,1,January,1,7,Sunday,1,2022-01,2022-Q1,20220109
2022-01-10,2022,1,1,January,2,1,Monday,0,2022-01,2022-Q1,20220110
2022-01-11,2022,1,1,January,2,2,Tuesday,0,2022-01,2022-Q1,20220111
2022-01-12,2022,1,1,January,2,3,Wednesday,0,2022-01,2022-Q1,20220112
2022-01-13,2022,1,1,January,2,4,Thursday,0,2022-01,2022-Q1,20220113
2022-01-14,2022,1,1,January,2,5,Friday,0,2022-01,2022-Q1,20220114
2022-01-15,2022,1,1,January,2,6,Saturday,1,2022-01,2022-Q1,20220115
2022-01-16,2022,1,1,January,2,7,Sunday,1,2022-01,2022-Q1,20220116
2022-01-17,2022,1,1,January,3,1,Monday,0,2022-01,2022-Q1,20220117
2022-01-18,2022,1,1,January,3,2,Tuesday,0,2022-01,2022-Q1,20220118
2022-01-19,2022,1,1,January,3,3,Wednesday,0,2022-01,2022-Q1,20220119
2022-01-20,2022,1,1,January,3,4,Thursday,0,2022-01,2022-Q1,20220120
2022-01-21,2022,1,1,January,3,5,Friday,0,2022-01,2022-Q1,20220121
2022-01-22,2022,1,1,January,3,6,Saturday,1,2022-01,2022-Q1,20220122
2022-01-23,2022,1,1,January,3,7,Sunday,1,2022-01,2022-Q1,20220123
2022-01-24,2022,1,1,January,4,1,Monday,0,2022-01,2022-Q1,20220124
2022-01-25,2022,1,1,January,4,2,Tuesday,0,2022-01,2022-Q1,20220125
2022-01-26,2022,1,1,January,4,3,Wednesday,0,2022-01,2022-Q1,20220126
2022-01-27,2022,1,1,January,4,4,Thursday,0,2022-01,2022-Q1,20220127
2022-01-28,2022,1,1,January,4,5,Friday,0,2022-01,2022-Q1,20220128
2022-01-29,2022,1,1,January,4,6,Saturday,1,2022-01,2022-Q1,20220129
2022-01-30,2022,1,1,January,4,7,Sunday,1,2022-01,2022-Q1,20220130
2022-01-31,2022,1,1,January,5,1,Monday,0,2022-01,2022-Q1,20220131
2022-02-01,2022,1,2,February,5,2,Tuesday,0,2022-02,2022-Q1,20220201
2022-02-02,2022,1,2,February,5,3,Wednesday,0,2022-02,2022-Q1,20220202
2022-02-03,2022,1,2,February,5,4,Thursday,0,2022-02,2022-Q1,20220203
2022-02-04,2022,1,2,February,5,5,Friday,0,2022-02,2022-Q1,20220204
2022-02-05,2022,1,2,February,5,6,Saturday,1,2022-02,2022-Q1,20220205
2022-02-06,2022,1,2,February,5,7,Sunday,1,2022-02,2022-Q1,20220206
2022-02-07,2022,1,2,February,6,1,Monday,0,2022-02,2022-Q1,20220207
2022-02-08,2022,1,2,February,6,2,Tuesday,0,2022-02,2022-Q1,20220208
2022-02-09,2022,1,2,February,6,3,Wednesday,0,2022-02,2022-Q1,20220209
2022-02-10,2022,1,2,February,6,4,Thursday,0,2022-02,2022-Q1,20220210
2022-02-11,2022,1,2,February,6,5,Friday,0,2022-02,2022-Q1,20220211
2022-02-12,2022,1,2,February,6,6,Saturday,1,2022-02,2022-Q1,20220212
2022-02-13,2022,1,2,February,6,7,Sunday,1,2022-02,2022-Q1,20220213
2022-02-14,2022,1,2,February,7,1,Monday,0,2022-02,2022-Q1,20220214
2022-02-15,2022,1,2,February,7,2,Tuesday,0,2022-02,2022-Q1,20220215
2022-02-16,2022,1,2,February,7,3,Wednesday,0,2022-02,2022-Q1,20220216
2022-02-17,2022,1,2,February,7,4,Thursday,0,2022-02,2022-Q1,20220217
2022-02-18,2022,1,2,February,7,5,Friday,0,2022-02,2022-Q1,20220218
2022-02-19,2022,1,2,February,7,6,Saturday,1,2022-02,2022-Q1,20220219
2022-02-20,2022,1,2,February,7,7,Sunday,1,2022-02,2022-Q1,20220220
2022-02-21,2022,1,2,February,8,1,Monday,0,2022-02,2022-Q1,20220221
2022-02-22,2022,1,2,February,8,2,Tuesday,0,2022-02,2022-Q1,20220222
2022-02-23,2022,1,2,February,8,3,Wednesday,0,2022-02,2022-Q1,20220223
2022-02-24,2022,1,2,February,8,4,Thursday,0,2022-02,2022-Q1,20220224
2022-02-25,2022,1,2,February,8,5,Friday,0,2022-02,2022-Q1,20220225
2022-02-26,2022,1,2,February,8,6,Saturday,1,2022-02,2022-Q1,20220226
2022-02-27,2022,1,2,February,8,7,Sunday,1,2022-02,2022-Q1,20220227
2022-02-28,2022,1,2,February,9,1,Monday,0,2022-02,2022-Q1,20220228
2022-03-01,2022,1,3,March,9,2,Tuesday,0,2022-03,2022-Q1,20220301
2022-03-02,2022,1,3,March,9,3,Wednesday,0,2022-03,2022-Q1,20220302
2022-03-03,2022,1,3,March,9,4,Thursday,0,2022-03,2022-Q1,20220303
2022-03-04,2022,1,3,March,9,5,Friday,0,2022-03,2022-Q1,20220304
2022-03-05,2022,1,3,March,9,6,Saturday,1,2022-03,2022-Q1,20220305
2022-03-06,2022,1,3,March,9,7,Sunday,1,2022-03,2022-Q1,20220306
2022-03-07,2022,1,3,March,10,1,Monday,0,2022-03,2022-Q1,20220307
2022-03-08,2022,1,3,March,10,2,Tuesday,0,2022-03,2022-Q1,20220308
2022-03-09,2022,1,3,March,10,3,Wednesday,0,2022-03,2022-Q1,20220309
2022-03-10,2022,1,3,March,10,4,Thursday,0,2022-03,2022-Q1,20220310
2022-03-11,2022,1,3,March,10,5,Friday,0,2022-03,2022-Q1,20220311
2022-03-12,2022,1,3,March,10,6,Saturday,1,2022-03,2022-Q1,20220312
2022-03-13,2022,1,3,March,10,7,Sunday,1,2022-03,2022-Q1,20220313
2022-03-14,2022,1,3,March,11,1,Monday,0,2022-03,2022-Q1,20220314
2022-03-15,2022,1,3,March,11,2,Tuesday,0,2022-03,2022-Q1,20220315
2022-03-16,2022,1,3,March,11,3,Wednesday,0,2022-03,2022-Q1,20220316
2022-03-17,2022,1,3,March,11,4,Thursday,0,2022-03,2022-Q1,20220317
2022-03-18,2022,1,3,March,11,5,Friday,0,2022-03,2022-Q1,20220318
2022-03-19,2022,1,3,March,11,6,Saturday,1,2022-03,2022-Q1,20220319
2022-03-20,2022,1,3,March,11,7,Sunday,1,2022-03,2022-Q1,20220320
2022-03-21,2022,1,3,March,12,1,Monday,0,2022-03,2022-Q1,20220321
2022-03-22,2022,1,3,March,12,2,Tuesday,0,2022-03,2022-Q1,20220322
2022-03-23,2022,1,3,March,12,3,Wednesday,0,2022-03,2022-Q1,20220323
2022-03-24,2022,1,3,March,12,4,Thursday,0,2022-03,2022-Q1,20220324
2022-03-25,2022,1,3,March,12,5,Friday,0,2022-03,2022-Q1,20220325
2022-03-26,2022,1,3,March,12,6,Saturday,1,2022-03,2022-Q1,20220326
2022-03-27,2022,1,3,March,12,7,Sunday,1,2022-03,2022-Q1,20220327
2022-03-28,2022,1,3,March,13,1,Monday,0,2022-03,2022-Q1,20220328
2022-03-29,2022,1,3,March,13,2,Tuesday,0,2022-03,2022-Q1,20220329
2022-03-30,2022,1,3,March,13,3,Wednesday,0,2022-03,2022-Q1,20220330
2022-03-31,2022,1,3,March,13,4,Thursday,0,2022-03,2022-Q1,20220331
2022-04-01,2022,2,4,April,13,5,Friday,0,2022-04,2022-Q2,20220401
2022-04-02,2022,2,4,April,13,6,Saturday,1,2022-04,2022-Q2,20220402
2022-04-03,2022,2,4,April,13,7,Sunday,1,2022-04,2022-Q2,20220403
2022-04-04,2022,2,4,April,14,1,Monday,0,2022-04,2022-Q2,20220404
2022-04-05,2022,2,4,April,14,2,Tuesday,0,2022-04,2022-Q2,20220405
2022-04-06,2022,2,4,April,14,3,Wednesday,0,2022-04,2022-Q2,20220406
2022-04-07,2022,2,4,April,14,4,Thursday,0,2022-04,2022-Q2,20220407
2022-04-08,2022,2,4,April,14,5,Friday,0,2022-04,2022-Q2,20220408
2022-04-09,2022,2,4,April,14,6,Saturday,1,2022-04,2022-Q2,20220409
2022-04-10,2022,2,4,April,14,7,Sunday,1,2022-04,2022-Q2,20220410
2022-04-11,2022,2,4,April,15,1,Monday,0,2022-04,2022-Q2,20220411
2022-04-12,2022,2,4,April,15,2,Tuesday,0,2022-04,2022-Q2,20220412
2022-04-13,2022,2,4,April,15,3,Wednesday,0,2022-04,2022-Q2,20220413
2022-04-14,2022,2,4,April,15,4,Thursday,0,2022-04,2022-Q2,20220414
2022-04-15,2022,2,4,April,15,5,Friday,0,2022-04,2022-Q2,20220415
2022-04-16,2022,2,4,April,15,6,Saturday,1,2022-04,2022-Q2,20220416
2022-04-17,2022,2,4,April,15,7,Sunday,1,2022-04,2022-Q2,20220417
2022-04-18,2022,2,4,April,16,1,Monday,0,2022-04,2022-Q2,20220418
2022-04-19,2022,2,4,April,16,2,Tuesday,0,2022-04,2022-Q2,20220419
2022-04-20,2022,2,4,April,16,3,Wednesday,0,2022-04,2022-Q2,20220420
2022-04-21,2022,2,4,April,16,4,Thursday,0,2022-04,2022-Q2,20220421
2022-04-22,2022,2,4,April,16,5,Friday,0,2022-04,2022-Q2,20220422
2022-04-23,2022,2,4,April,16,6,Saturday,1,2022-04,2022-Q2,20220423
2022-04-24,2022,2,4,April,16,7,Sunday,1,2022-04,2022-Q2,20220424
2022-04-25,2022,2,4,April,17,1,Monday,0,2022-04,2022-Q2,20220425
2022-04-26,2022,2,4,April,17,2,Tuesday,0,2022-04,2022-Q2,20220426
2022-04-27,2022,2,4,April,17,3,Wednesday,0,2022-04,2022-Q2,20220427
2022-04-28,2022,2,4,April,17,4,Thursday,0,2022-04,2022-Q2,20220428
2022-04-29,2022,2,4,April,17,5,Friday,0,2022-04,2022-Q2,20220429
2022-04-30,2022,2,4,April,17,6,Saturday,1,2022-04,2022-Q2,20220430
2022-05-01,2022,2,5,May,17,7,Sunday,1,2022-05,2022-Q2,20220501
2022-05-02,2022,2,5,May,18,1,Monday,0,2022-05,2022-Q2,20220502
2022-05-03,2022,2,5,May,18,2,Tuesday,0,2022-05,2022-Q2,20220503
2022-05-04,2022,2,5,May,18,3,Wednesday,0,2022-05,2022-Q2,20220504
2022-05-05,2022,2,5,May,18,4,Thursday,0,2022-05,2022-Q2,20220505
2022-05-06,2022,2,5,May,18,5,Friday,0,2022-05,2022-Q2,20220506
2022-05-07,2022,2,5,May,18,6,Saturday,1,2022-05,2022-Q2,20220507
2022-05-08,2022,2,5,May,18,7,Sunday,1,2022-05,2022-Q2,20220508
2022-05-09,2022,2,5,May,19,1,Monday,0,2022-05,2022-Q2,20220509
2022-05-10,2022,2,5,May,19,2,Tuesday,0,2022-05,2022-Q2,20220510
2022-05-11,2022,2,5,May,19,3,Wednesday,0,2022-05,2022-Q2,20220511
2022-05-12,2022,2,5,May,19,4,Thursday,0,2022-05,2022-Q2,20220512
2022-05-13,2022,2,5,May,19,5,Friday,0,2022-05,2022-Q2,20220513
2022-05-14,2022,2,5,May,19,6,Saturday,1,2022-05,2022-Q2,20220514
2022-05-15,2022,2,5,May,19,7,Sunday,1,2022-05,2022-Q2,20220515
2022-05-16,2022,2,5,May,20,1,Monday,0,2022-05,2022-Q2,20220516
2022-05-17,2022,2,5,May,20,2,Tuesday,0,2022-05,2022-Q2,20220517
2022-05-18,2022,2,5,May,20,3,Wednesday,0,2022-05,2022-Q2,20220518
2022-05-19,2022,2,5,May,20,4,Thursday,0,2022-05,2022-Q2,20220519
2022-05-20,2022,2,5,May,20,5,Friday,0,2022-05,2022-Q2,20220520
2022-05-21,2022,2,5,May,20,6,Saturday,1,2022-05,2022-Q2,20220521
2022-05-22,2022,2,5,May,20,7,Sunday,1,2022-05,2022-Q2,20220522
2022-05-23,2022,2,5,May,21,1,Monday,0,2022-05,2022-Q2,20220523
2022-05-24,2022,2,5,May,21,2,Tuesday,0,2022-05,2022-Q2,20220524
2022-05-25,2022,2,5,May,21,3,Wednesday,0,2022-05,2022-Q2,20220525
2022-05-26,2022,2,5,May,21,4,Thursday,0,2022-05,2022-Q2,20220526
2022-05-27,2022,2,5,May,21,5,Friday,0,2022-05,2022-Q2,20220527
2022-05-28,2022,2,5,May,21,6,Saturday,1,2022-05,2022-Q2,20220528
2022-05-29,2022,2,5,May,21,7,Sunday,1,2022-05,2022-Q2,20220529
2022-05-30,2022,2,5,May,22,1,Monday,0,2022-05,2022-Q2,20220530
2022-05-31,2022,2,5,May,22,2,Tuesday,0,2022-05,2022-Q2,20220531
2022-06-01,2022,2,6,June,22,3,Wednesday,0,2022-06,2022-Q2,20220601
2022-06-02,2022,2,6,June,22,4,Thursday,0,2022-06,2022-Q2,20220602
2022-06-03,2022,2,6,June,22,5,Friday,0,2022-06,2022-Q2,20220603
2022-06-04,2022,2,6,June,22,6,Saturday,1,2022-06,2022-Q2,20220604
2022-06-05,2022,2,6,June,22,7,Sunday,1,2022-06,2022-Q2,20220605
2022-06-06,2022,2,6,June,23,1,Monday,0,2022-06,2022-Q2,20220606
2022-06-07,2022,2,6,June,23,2,Tuesday,0,2022-06,2022-Q2,20220607
2022-06-08,2022,2,6,June,23,3,Wednesday,0,2022-06,2022-Q2,20220608
2022-06-09,2022,2,6,June,23,4,Thursday,0,2022-06,2022-Q2,20220609
2022-06-10,2022,2,6,June,23,5,Friday,0,2022-06,2022-Q2,20220610
2022-06-11,2022,2,6,June,23,6,Saturday,1,2022-06,2022-Q2,20220611
2022-06-12,2022,2,6,June,23,7,Sunday,1,2022-06,2022-Q2,20220612
2022-06-13,2022,2,6,June,24,1,Monday,0,2022-06,2022-Q2,20220613
2022-06-14,2022,2,6,June,24,2,Tuesday,0,2022-06,2022-Q2,20220614
2022-06-15,2022,2,6,June,24,3,Wednesday,0,2022-06,2022-Q2,20220615
2022-06-16,2022,2,6,June,24,4,Thursday,0,2022-06,2022-Q2,20220616
2022-06-17,2022,2,6,June,24,5,Friday,0,2022-06,2022-Q2,20220617
2022-06-18,2022,2,6,June,24,6,Saturday,1,2022-06,2022-Q2,20220618
2022-06-19,2022,2,6,June,24,7,Sunday,1,2022-06,2022-Q2,20220619
2022-06-20,2022,2,6,June,25,1,Monday,0,2022-06,2022-Q2,20220620
2022-06-21,2022,2,6,June,25,2,Tuesday,0,2022-06,2022-Q2,20220621
2022-06-22,2022,2,6,June,25,3,Wednesday,0,2022-06,2022-Q2,20220622
2022-06-23,2022,2,6,June,25,4,Thursday,0,2022-06,2022-Q2,20220623
2022-06-24,2022,2,6,June,25,5,Friday,0,2022-06,2022-Q2,20220624
2022-06-25,2022,2,6,June,25,6,Saturday,1,2022-06,2022-Q2,20220625
2022-06-26,2022,2,6,June,25,7,Sunday,1,2022-06,2022-Q2,20220626
2022-06-27,2022,2,6,June,26,1,Monday,0,2022-06,2022-Q2,20220627
2022-06-28,2022,2,6,June,26,2,Tuesday,0,2022-06,2022-Q2,20220628
2022-06-29,2022,2,6,June,26,3,Wednesday,0,2022-06,2022-Q2,20220629
2022-06-30,2022,2,6,June,26,4,Thursday,0,2022-06,2022-Q2,20220630
2022-07-01,2022,3,7,July,26,5,Friday,0,2022-07,2022-Q3,20220701
2022-07-02,2022,3,7,July,26,6,Saturday,1,2022-07,2022-Q3,20220702
2022-07-03,2022,3,7,July,26,7,Sunday,1,2022-07,2022-Q3,20220703
2022-07-04,2022,3,7,July,27,1,Monday,0,2022-07,2022-Q3,20220704
2022-07-05,2022,3,7,July,27,2,Tuesday,0,2022-07,2022-Q3,20220705
2022-07-06,2022,3,7,July,27,3,Wednesday,0,2022-07,2022-Q3,20220706
2022-07-07,2022,3,7,July,27,4,Thursday,0,2022-07,2022-Q3,20220707
2022-07-08,2022,3,7,July,27,5,Friday,0,2022-07,2022-Q3,20220708
2022-07-09,2022,3,7,July,27,6,Saturday,1,2022-07,2022-Q3,20220709
2022-07-10,2022,3,7,July,27,7,Sunday,1,2022-07,2022-Q3,20220710
2022-07-11,2022,3,7,July,28,1,Monday,0,2022-07,2022-Q3,20220711
2022-07-12,2022,3,7,July,28,2,Tuesday,0,2022-07,2022-Q3,20220712
2022-07-13,2022,3,7,July,28,3,Wednesday,0,2022-07,2022-Q3,20220713
2022-07-14,2022,3,7,July,28,4,Thursday,0,2022-07,2022-Q3,20220714
2022-07-15,2022,3,7,July,28,5,Friday,0,2022-07,2022-Q3,20220715
2022-07-16,2022,3,7,July,28,6,Saturday,1,2022-07,2022-Q3,20220716
2022-07-17,2022,3,7,July,28,7,Sunday,1,2022-07,2022-Q3,20220717
2022-07-18,2022,3,7,July,29,1,Monday,0,2022-07,2022-Q3,20220718
2022-07-19,2022,3,7,July,29,2,Tuesday,0,2022-07,2022-Q3,20220719
2022-07-20,2022,3,7,July,29,3,Wednesday,0,2022-07,2022-Q3,20220720
2022-07-21,2022,3,7,July,29,4,Thursday,0,2022-07,2022-Q3,20220721
2022-07-22,2022,3,7,July,29,5,Friday,0,2022-07,2022-Q3,20220722
2022-07-23,2022,3,7,July,29,6,Saturday,1,2022-07,2022-Q3,20220723
2022-07-24,2022,3,7,July,29,7,Sunday,1,2022-07,2022-Q3,20220724
2022-07-25,2022,3,7,July,30,1,Monday,0,2022-07,2022-Q3,20220725
2022-07-26,2022,3,7,July,30,2,Tuesday,0,2022-07,2022-Q3,20220726
2022-07-27,2022,3,7,July,30,3,Wednesday,0,2022-07,2022-Q3,20220727
2022-07-28,2022,3,7,July,30,4,Thursday,0,2022-07,2022-Q3,20220728
2022-07-29,2022,3,7,July,30,5,Friday,0,2022-07,2022-Q3,20220729
2022-07-30,2022,3,7,July,30,6,Saturday,1,2022-07,2022-Q3,20220730
2022-07-31,2022,3,7,July,30,7,Sunday,1,2022-07,2022-Q3,20220731
2022-08-01,2022,3,8,August,31,1,Monday,0,2022-08,2022-Q3,20220801
2022-08-02,2022,3,8,August,31,2,Tuesday,0,2022-08,2022-Q3,20220802
2022-08-03,2022,3,8,August,31,3,Wednesday,0,2022-08,2022-Q3,20220803
2022-08-04,2022,3,8,August,31,4,Thursday,0,2022-08,2022-Q3,20220804
2022-08-05,2022,3,8,August,31,5,Friday,0,2022-08,2022-Q3,20220805
2022-08-06,2022,3,8,August,31,6,Saturday,1,2022-08,2022-Q3,20220806
2022-08-07,2022,3,8,August,31,7,Sunday,1,2022-08,2022-Q3,20220807
2022-08-08,2022,3,8,August,32,1,Monday,0,2022-08,2022-Q3,20220808
2022-08-09,2022,3,8,August,32,2,Tuesday,0,2022-08,2022-Q3,20220809
2022-08-10,2022,3,8,August,32,3,Wednesday,0,2022-08,2022-Q3,20220810
2022-08-11,2022,3,8,August,32,4,Thursday,0,2022-08,2022-Q3,20220811
2022-08-12,2022,3,8,August,32,5,Friday,0,2022-08,2022-Q3,20220812
2022-08-13,2022,3,8,August,32,6,Saturday,1,2022-08,2022-Q3,20220813
2022-08-14,2022,3,8,August,32,7,Sunday,1,2022-08,2022-Q3,20220814
2022-08-15,2022,3,8,August,33,1,Monday,0,2022-08,2022-Q3,20220815
2022-08-16,2022,3,8,August,33,2,Tuesday,0,2022-08,2022-Q3,20220816
2022-08-17,2022,3,8,August,33,3,Wednesday,0,2022-08,2022-Q3,20220817
2022-08-18,2022,3,8,August,33,4,Thursday,0,2022-08,2022-Q3,20220818
2022-08-19,2022,3,8,August,33,5,Friday,0,2022-08,2022-Q3,20220819
2022-08-20,2022,3,8,August,33,6,Saturday,1,2022-08,2022-Q3,20220820
2022-08-21,2022,3,8,August,33,7,Sunday,1,2022-08,2022-Q3,20220821
2022-08-22,2022,3,8,August,34,1,Monday,0,2022-08,2022-Q3,20220822
2022-08-23,2022,3,8,August,34,2,Tuesday,0,2022-08,2022-Q3,20220823
2022-08-24,2022,3,8,August,34,3,Wednesday,0,2022-08,2022-Q3,20220824
2022-08-25,2022,3,8,August,34,4,Thursday,0,2022-08,2022-Q3,20220825
2022-08-26,2022,3,8,August,34,5,Friday,0,2022-08,2022-Q3,20220826
2022-08-27,2022,3,8,August,34,6,Saturday,1,2022-08,2022-Q3,20220827
2022-08-28,2022,3,8,August,34,7,Sunday,1,2022-08,2022-Q3,20220828
2022-08-29,2022,3,8,August,35,1,Monday,0,2022-08,2022-Q3,20220829
2022-08-30,2022,3,8,August,35,2,Tuesday,0,2022-08,2022-Q3,20220830
2022-08-31,2022,3,8,August,35,3,Wednesday,0,2022-08,2022-Q3,20220831
2022-09-01,2022,3,9,September,35,4,Thursday,0,2022-09,2022-Q3,20220901
2022-09-02,2022,3,9,September,35,5,Friday,0,2022-09,2022-Q3,20220902
2022-09-03,2022,3,9,September,35,6,Saturday,1,2022-09,2022-Q3,20220903
2022-09-04,2022,3,9,September,35,7,Sunday,1,2022-09,2022-Q3,20220904
2022-09-05,2022,3,9,September,36,1,Monday,0,2022-09,2022-Q3,20220905
2022-09-06,2022,3,9,September,36,2,Tuesday,0,2022-09,2022-Q3,20220906
2022-09-07,2022,3,9,September,36,3,Wednesday,0,2022-09,2022-Q3,20220907
2022-09-08,2022,3,9,September,36,4,Thursday,0,2022-09,2022-Q3,20220908
2022-09-09,2022,3,9,September,36,5,Friday,0,2022-09,2022-Q3,20220909
2022-09-10,2022,3,9,September,36,6,Saturday,1,2022-09,2022-Q3,20220910
2022-09-11,2022,3,9,September,36,7,Sunday,1,2022-09,2022-Q3,20220911
2022-09-12,2022,3,9,September,37,1,Monday,0,2022-09,2022-Q3,20220912
2022-09-13,2022,3,9,September,37,2,Tuesday,0,2022-09,2022-Q3,20220913
2022-09-14,2022,3,9,September,37,3,Wednesday,0,2022-09,2022-Q3,20220914
2022-09-15,2022,3,9,September,37,4,Thursday,0,2022-09,2022-Q3,20220915
2022-09-16,2022,3,9,September,37,5,Friday,0,2022-09,2022-Q3,20220916
2022-09-17,2022,3,9,September,37,6,Saturday,1,2022-09,2022-Q3,20220917
2022-09-18,2022,3,9,September,37,7,Sunday,1,2022-09,2022-Q3,20220918
2022-09-19,2022,3,9,September,38,1,Monday,0,2022-09,2022-Q3,20220919
2022-09-20,2022,3,9,September,38,2,Tuesday,0,2022-09,2022-Q3,20220920
2022-09-21,2022,3,9,September,38,3,Wednesday,0,2022-09,2022-Q3,20220921
2022-09-22,2022,3,9,September,38,4,Thursday,0,2022-09,2022-Q3,20220922
2022-09-23,2022,3,9,September,38,5,Friday,0,2022-09,2022-Q3,20220923
2022-09-24,2022,3,9,September,38,6,Saturday,1,2022-09,2022-Q3,20220924
2022-09-25,2022,3,9,September,38,7,Sunday,1,2022-09,2022-Q3,20220925
2022-09-26,2022,3,9,September,39,1,Monday,0,2022-09,2022-Q3,20220926
2022-09-27,2022,3,9,September,39,2,Tuesday,0,2022-09,2022-Q3,20220927
2022-09-28,2022,3,9,September,39,3,Wednesday,0,2022-09,2022-Q3,20220928
2022-09-29,2022,3,9,September,39,4,Thursday,0,2022-09,2022-Q3,20220929
2022-09-30,2022,3,9,September,39,5,Friday,0,2022-09,2022-Q3,20220930
2022-10-01,2022,4,10,October,39,6,Saturday,1,2022-10,2022-Q4,20221001
2022-10-02,2022,4,10,October,39,7,Sunday,1,2022-10,2022-Q4,20221002
2022-10-03,2022,4,10,October,40,1,Monday,0,2022-10,2022-Q4,20221003
2022-10-04,2022,4,10,October,40,2,Tuesday,0,2022-10,2022-Q4,20221004
2022-10-05,2022,4,10,October,40,3,Wednesday,0,2022-10,2022-Q4,20221005
2022-10-06,2022,4,10,October,40,4,Thursday,0,2022-10,2022-Q4,20221006
2022-10-07,2022,4,10,October,40,5,Friday,0,2022-10,2022-Q4,20221007
2022-10-08,2022,4,10,October,40,6,Saturday,1,2022-10,2022-Q4,20221008
2022-10-09,2022,4,10,October,40,7,Sunday,1,2022-10,2022-Q4,20221009
2022-10-10,2022,4,10,October,41,1,Monday,0,2022-10,2022-Q4,20221010
2022-10-11,2022,4,10,October,41,2,Tuesday,0,2022-10,2022-Q4,20221011
2022-10-12,2022,4,10,October,41,3,Wednesday,0,2022-10,2022-Q4,20221012
2022-10-13,2022,4,10,October,41,4,Thursday,0,2022-10,2022-Q4,20221013
2022-10-14,2022,4,10,October,41,5,Friday,0,2022-10,2022-Q4,20221014
2022-10-15,2022,4,10,October,41,6,Saturday,1,2022-10,2022-Q4,20221015
2022-10-16,2022,4,10,October,41,7,Sunday,1,2022-10,2022-Q4,20221016
2022-10-17,2022,4,10,October,42,1,Monday,0,2022-10,2022-Q4,20221017
2022-10-18,2022,4,10,October,42,2,Tuesday,0,2022-10,2022-Q4,20221018
2022-10-19,2022,4,10,October,42,3,Wednesday,0,2022-10,2022-Q4,20221019
2022-10-20,2022,4,10,October,42,4,Thursday,0,2022-10,2022-Q4,20221020
2022-10-21,2022,4,10,October,42,5,Friday,0,2022-10,2022-Q4,20221021
2022-10-22,2022,4,10,October,42,6,Saturday,1,2022-10,2022-Q4,20221022
2022-10-23,2022,4,10,October,42,7,Sunday,1,2022-10,2022-Q4,20221023
2022-10-24,2022,4,10,October,43,1,Monday,0,2022-10,2022-Q4,20221024
2022-10-25,2022,4,10,October,43,2,Tuesday,0,2022-10,2022-Q4,20221025
2022-10-26,2022,4,10,October,43,3,Wednesday,0,2022-10,2022-Q4,20221026
2022-10-27,2022,4,10,October,43,4,Thursday,0,2022-10,2022-Q4,20221027
2022-10-28,2022,4,10,October,43,5,Friday,0,2022-10,2022-Q4,20221028
2022-10-29,2022,4,10,October,43,6,Saturday,1,2022-10,2022-Q4,20221029
2022-10-30,2022,4,10,October,43,7,Sunday,1,2022-10,2022-Q4,20221030
2022-10-31,2022,4,10,October,44,1,Monday,0,2022-10,2022-Q4,20221031
2022-11-01,2022,4,11,November,44,2,Tuesday,0,2022-11,2022-Q4,20221101
2022-11-02,2022,4,11,November,44,3,Wednesday,0,2022-11,2022-Q4,20221102
2022-11-03,2022,4,11,November,44,4,Thursday,0,2022-11,2022-Q4,20221103
2022-11-04,2022,4,11,November,44,5,Friday,0,2022-11,2022-Q4,20221104
2022-11-05,2022,4,11,November,44,6,Saturday,1,2022-11,2022-Q4,20221105
2022-11-06,2022,4,11,November,44,7,Sunday,1,2022-11,2022-Q4,20221106
2022-11-07,2022,4,11,November,45,1,Monday,0,2022-11,2022-Q4,20221107
2022-11-08,2022,4,11,November,45,2,Tuesday,0,2022-11,2022-Q4,20221108
2022-11-09,2022,4,11,November,45,3,Wednesday,0,2022-11,2022-Q4,20221109
2022-11-10,2022,4,11,November,45,4,Thursday,0,2022-11,2022-Q4,20221110
2022-11-11,2022,4,11,November,45,5,Friday,0,2022-11,2022-Q4,20221111
2022-11-12,2022,4,11,November,45,6,Saturday,1,2022-11,2022-Q4,20221112
2022-11-13,2022,4,11,November,45,7,Sunday,1,2022-11,2022-Q4,20221113
2022-11-14,2022,4,11,November,46,1,Monday,0,2022-11,2022-Q4,20221114
2022-11-15,2022,4,11,November,46,2,Tuesday,0,2022-11,2022-Q4,20221115
2022-11-16,2022,4,11,November,46,3,Wednesday,0,2022-11,2022-Q4,20221116
2022-11-17,2022,4,11,November,46,4,Thursday,0,2022-11,2022-Q4,20221117
2022-11-18,2022,4,11,November,46,5,Friday,0,2022-11,2022-Q4,20221118
2022-11-19,2022,4,11,November,46,6,Saturday,1,2022-11,2022-Q4,20221119
2022-11-20,2022,4,11,November,46,7,Sunday,1,2022-11,2022-Q4,20221120
2022-11-21,2022,4,11,November,47,1,Monday,0,2022-11,2022-Q4,20221121
2022-11-22,2022,4,11,November,47,2,Tuesday,0,2022-11,2022-Q4,20221122
2022-11-23,2022,4,11,November,47,3,Wednesday,0,2022-11,2022-Q4,20221123
2022-11-24,2022,4,11,November,47,4,Thursday,0,2022-11,2022-Q4,20221124
2022-11-25,2022,4,11,November,47,5,Friday,0,2022-11,2022-Q4,20221125
2022-11-26,2022,4,11,November,47,6,Saturday,1,2022-11,2022-Q4,20221126
2022-11-27,2022,4,11,November,47,7,Sunday,1,2022-11,2022-Q4,20221127
2022-11-28,2022,4,11,November,48,1,Monday,0,2022-11,2022-Q4,20221128
2022-11-29,2022,4,11,November,48,2,Tuesday,0,2022-11,2022-Q4,20221129
2022-11-30,2022,4,11,November,48,3,Wednesday,0,2022-11,2022-Q4,20221130
2022-12-01,2022,4,12,December,48,4,Thursday,0,2022-12,2022-Q4,20221201
2022-12-02,2022,4,12,December,48,5,Friday,0,2022-12,2022-Q4,20221202
2022-12-03,2022,4,12,December,48,6,Saturday,1,2022-12,2022-Q4,20221203
2022-12-04,2022,4,12,December,48,7,Sunday,1,2022-12,2022-Q4,20221204
2022-12-05,2022,4,12,December,49,1,Monday,0,2022-12,2022-Q4,20221205
2022-12-06,2022,4,12,December,49,2,Tuesday,0,2022-12,2022-Q4,20221206
2022-12-07,2022,4,12,December,49,3,Wednesday,0,2022-12,2022-Q4,20221207
2022-12-08,2022,4,12,December,49,4,Thursday,0,2022-12,2022-Q4,20221208
2022-12-09,2022,4,12,December,49,5,Friday,0,2022-12,2022-Q4,20221209
2022-12-10,2022,4,12,December,49,6,Saturday,1,2022-12,2022-Q4,20221210
2022-12-11,2022,4,12,December,49,7,Sunday,1,2022-12,2022-Q4,20221211
2022-12-12,2022,4,12,December,50,1,Monday,0,2022-12,2022-Q4,20221212
2022-12-13,2022,4,12,December,50,2,Tuesday,0,2022-12,2022-Q4,20221213
2022-12-14,2022,4,12,December,50,3,Wednesday,0,2022-12,2022-Q4,20221214
2022-12-15,2022,4,12,December,50,4,Thursday,0,2022-12,2022-Q4,20221215
2022-12-16,2022,4,12,December,50,5,Friday,0,2022-12,2022-Q4,20221216
2022-12-17,2022,4,12,December,50,6,Saturday,1,2022-12,2022-Q4,20221217
2022-12-18,2022,4,12,December,50,7,Sunday,1,2022-12,2022-Q4,20221218
2022-12-19,2022,4,12,December,51,1,Monday,0,2022-12,2022-Q4,20221219
2022-12-20,2022,4,12,December,51,2,Tuesday,0,2022-12,2022-Q4,20221220
2022-12-21,2022,4,12,December,51,3,Wednesday,0,2022-12,2022-Q4,20221221
2022-12-22,2022,4,12,December,51,4,Thursday,0,2022-12,2022-Q4,20221222
2022-12-23,2022,4,12,December,51,5,Friday,0,2022-12,2022-Q4,20221223
2022-12-24,2022,4,12,December,51,6,Saturday,1,2022-12,2022-Q4,20221224
2022-12-25,2022,4,12,December,51,7,Sunday,1,2022-12,2022-Q4,20221225
2022-12-26,2022,4,12,December,52,1,Monday,0,2022-12,2022-Q4,20221226
2022-12-27,2022,4,12,December,52,2,Tuesday,0,2022-12,2022-Q4,20221227
2022-12-28,2022,4,12,December,52,3,Wednesday,0,2022-12,2022-Q4,20221228
2022-12-29,2022,4,12,December,52,4,Thursday,0,2022-12,2022-Q4,20221229
2022-12-30,2022,4,12,December,52,5,Friday,0,2022-12,2022-Q4,20221230
2022-12-31,2022,4,12,December,52,6,Saturday,1,2022-12,2022-Q4,20221231
2023-01-01,2023,1,1,January,52,7,Sunday,1,2023-01,2023-Q1,20230101
2023-01-02,2023,1,1,January,1,1,Monday,0,2023-01,2023-Q1,20230102
2023-01-03,2023,1,1,January,1,2,Tuesday,0,2023-01,2023-Q1,20230103
2023-01-04,2023,1,1,January,1,3,Wednesday,0,2023-01,2023-Q1,20230104
2023-01-05,2023,1,1,January,1,4,Thursday,0,2023-01,2023-Q1,20230105
2023-01-06,2023,1,1,January,1,5,Friday,0,2023-01,2023-Q1,20230106
2023-01-07,2023,1,1,January,1,6,Saturday,1,2023-01,2023-Q1,20230107
2023-01-08,2023,1,1,January,1,7,Sunday,1,2023-01,2023-Q1,20230108
2023-01-09,2023,1,1,January,2,1,Monday,0,2023-01,2023-Q1,20230109
2023-01-10,2023,1,1,January,2,2,Tuesday,0,2023-01,2023-Q1,20230110
2023-01-11,2023,1,1,January,2,3,Wednesday,0,2023-01,2023-Q1,20230111
2023-01-12,2023,1,1,January,2,4,Thursday,0,2023-01,2023-Q1,20230112
2023-01-13,2023,1,1,January,2,5,Friday,0,2023-01,2023-Q1,20230113
2023-01-14,2023,1,1,January,2,6,Saturday,1,2023-01,2023-Q1,20230114
2023-01-15,2023,1,1,January,2,7,Sunday,1,2023-01,2023-Q1,20230115
2023-01-16,2023,1,1,January,3,1,Monday,0,2023-01,2023-Q1,20230116
2023-01-17,2023,1,1,January,3,2,Tuesday,0,2023-01,2023-Q1,20230117
2023-01-18,2023,1,1,January,3,3,Wednesday,0,2023-01,2023-Q1,20230118
2023-01-19,2023,1,1,January,3,4,Thursday,0,2023-01,2023-Q1,20230119
2023-01-20,2023,1,1,January,3,5,Friday,0,2023-01,2023-Q1,20230120
2023-01-21,2023,1,1,January,3,6,Saturday,1,2023-01,2023-Q1,20230121
2023-01-22,2023,1,1,January,3,7,Sunday,1,2023-01,2023-Q1,20230122
2023-01-23,2023,1,1,January,4,1,Monday,0,2023-01,2023-Q1,20230123
2023-01-24,2023,1,1,January,4,2,Tuesday,0,2023-01,2023-Q1,20230124
2023-01-25,2023,1,1,January,4,3,Wednesday,0,2023-01,2023-Q1,20230125
2023-01-26,2023,1,1,January,4,4,Thursday,0,2023-01,2023-Q1,20230126
2023-01-27,2023,1,1,January,4,5,Friday,0,2023-01,2023-Q1,20230127
2023-01-28,2023,1,1,January,4,6,Saturday,1,2023-01,2023-Q1,20230128
2023-01-29,2023,1,1,January,4,7,Sunday,1,2023-01,2023-Q1,20230129
2023-01-30,2023,1,1,January,5,1,Monday,0,2023-01,2023-Q1,20230130
2023-01-31,2023,1,1,January,5,2,Tuesday,0,2023-01,2023-Q1,20230131
2023-02-01,2023,1,2,February,5,3,Wednesday,0,2023-02,2023-Q1,20230201
2023-02-02,2023,1,2,February,5,4,Thursday,0,2023-02,2023-Q1,20230202
2023-02-03,2023,1,2,February,5,5,Friday,0,2023-02,2023-Q1,20230203
2023-02-04,2023,1,2,February,5,6,Saturday,1,2023-02,2023-Q1,20230204
2023-02-05,2023,1,2,February,5,7,Sunday,1,2023-02,2023-Q1,20230205
2023-02-06,2023,1,2,February,6,1,Monday,0,2023-02,2023-Q1,20230206
2023-02-07,2023,1,2,February,6,2,Tuesday,0,2023-02,2023-Q1,20230207
2023-02-08,2023,1,2,February,6,3,Wednesday,0,2023-02,2023-Q1,20230208
2023-02-09,2023,1,2,February,6,4,Thursday,0,2023-02,2023-Q1,20230209
2023-02-10,2023,1,2,February,6,5,Friday,0,2023-02,2023-Q1,20230210
2023-02-11,2023,1,2,February,6,6,Saturday,1,2023-02,2023-Q1,20230211
2023-02-12,2023,1,2,February,6,7,Sunday,1,2023-02,2023-Q1,20230212
2023-02-13,2023,1,2,February,7,1,Monday,0,2023-02,2023-Q1,20230213
2023-02-14,2023,1,2,February,7,2,Tuesday,0,2023-02,2023-Q1,20230214
2023-02-15,2023,1,2,February,7,3,Wednesday,0,2023-02,2023-Q1,20230215
2023-02-16,2023,1,2,February,7,4,Thursday,0,2023-02,2023-Q1,20230216
2023-02-17,2023,1,2,February,7,5,Friday,0,2023-02,2023-Q1,20230217
2023-02-18,2023,1,2,February,7,6,Saturday,1,2023-02,2023-Q1,20230218
2023-02-19,2023,1,2,February,7,7,Sunday,1,2023-02,2023-Q1,20230219
2023-02-20,2023,1,2,February,8,1,Monday,0,2023-02,2023-Q1,20230220
2023-02-21,2023,1,2,February,8,2,Tuesday,0,2023-02,2023-Q1,20230221
2023-02-22,2023,1,2,February,8,3,Wednesday,0,2023-02,2023-Q1,20230222
2023-02-23,2023,1,2,February,8,4,Thursday,0,2023-02,2023-Q1,20230223
2023-02-24,2023,1,2,February,8,5,Friday,0,2023-02,2023-Q1,20230224
2023-02-25,2023,1,2,February,8,6,Saturday,1,2023-02,2023-Q1,20230225
2023-02-26,2023,1,2,February,8,7,Sunday,1,2023-02,2023-Q1,20230226
2023-02-27,2023,1,2,February,9,1,Monday,0,2023-02,2023-Q1,20230227
2023-02-28,2023,1,2,February,9,2,Tuesday,0,2023-02,2023-Q1,20230228
2023-03-01,2023,1,3,March,9,3,Wednesday,0,2023-03,2023-Q1,20230301
2023-03-02,2023,1,3,March,9,4,Thursday,0,2023-03,2023-Q1,20230302
2023-03-03,2023,1,3,March,9,5,Friday,0,2023-03,2023-Q1,20230303
2023-03-04,2023,1,3,March,9,6,Saturday,1,2023-03,2023-Q1,20230304
2023-03-05,2023,1,3,March,9,7,Sunday,1,2023-03,2023-Q1,20230305
2023-03-06,2023,1,3,March,10,1,Monday,0,2023-03,2023-Q1,20230306
2023-03-07,2023,1,3,March,10,2,Tuesday,0,2023-03,2023-Q1,20230307
2023-03-08,2023,1,3,March,10,3,Wednesday,0,2023-03,2023-Q1,20230308
2023-03-09,2023,1,3,March,10,4,Thursday,0,2023-03,2023-Q1,20230309
